id,domain,status,purchase_price,renewal_price,attractiveness,demand,length,registrar,created_at,expires_at,status_verified_at
4169a3c5-1c91-498d-a17d-c6834943926f,habitue.tickets,available,359.99,488.88,high,medium,7,namesilo,,,09/09/2026 13:03
927d5e25-3ae9-4510-9393-97b4720c7021,wafers.tickets,available,359.99,488.88,medium,low,6,namesilo,,,20/09/2026 21:54
7b9a697b-cd97-442b-b3ce-e574089adb06,wool.tickets,available,359.99,389.99,high,low,4,namesilo,,,
6ad17f60-8cbe-4b4b-97b4-c950a0fa4cef,shrub.tickets,available,359.99,488.88,high,low,5,namesilo,,,23/09/2026 11:56
712a3730-0d70-4d88-b4ce-db137ed78331,cholera.tickets,available,359.99,488.88,medium,low,7,namesilo,,,20/09/2026 14:08
def14bdd-9cd4-4ba5-bf65-6a0299f9c036,sticking.tickets,available,359.99,488.88,high,low,8,namesilo,,,27/09/2026 06:41
8093546c-a0b9-43e8-80f4-95f11a04ad62,accounted.tickets,available,359.99,389.99,medium,low,9,namesilo,,,
3ff81214-bddb-4b28-9f4b-a7d185525238,equitably.tickets,available,359.99,488.88,medium,low,9,namesilo,,,14/09/2026 15:54
769e1fc5-8c9b-4b92-abc4-ddf8ce5ba15d,lxxiv.tickets,available,393.98,568,medium,low,5,namecheap,,,
141308a8-d3a8-4b54-a9c3-53eccd701daf,lego.tickets,premium,1875,,high,high,4,name.com,,,
d55e2bd2-4e63-4ded-b618-e092b2f543cc,vermilion.tickets,available,359.99,389.99,high,low,9,namesilo,,,12/08/2026 05:45
83aa3eea-d1f3-4bd8-a95e-dc20995bea29,henpecked.tickets,available,359.99,389.99,medium,low,9,namesilo,,,21/08/2026 06:42
40af5e2d-81ab-4e56-a91e-e997a894179c,dye.tickets,available,359.99,389.99,high,low,3,namesilo,,,
273d2e15-8bc6-48cd-a1b8-2391d3c24600,passes.tickets,available,359.99,488.88,high,low,6,namesilo,,,27/09/2026 02:49
a7ef7490-6292-4b69-9d00-a032447116e4,surefooted.tickets,available,359.99,389.99,high,low,10,namesilo,,,18/08/2026 10:50
c8973868-2948-4ced-9e0f-c12f13aef971,boyd.tickets,available,359.99,488.88,high,low,4,namesilo,,,25/09/2026 14:55
5da0bd84-e95c-44f3-9f1b-52b945b2dc41,empowered.tickets,available,393.98,568,high,low,9,namecheap,,,16/08/2026 18:26
c4b17fd2-87e8-4fab-9fe3-b5eaf9cfdf7e,externally.tickets,available,359.99,488.88,medium,low,10,namesilo,,,14/09/2026 17:11
162f3f7d-fbfd-4e18-ad7f-61e5eccca043,seaworthy.tickets,available,359.99,488.88,medium,low,9,namesilo,,,10/09/2026 01:05
531382ef-6525-4d80-b16b-dd85d350a2d7,teachers.tickets,available,393.98,608.98,high,low,8,namecheap,,,18/09/2026 18:31
64443619-384e-4ca7-b043-4f2674e8bc76,natives.tickets,available,359.99,488.88,medium,low,7,namesilo,,,18/09/2026 01:41
2832da2b-3df9-44a6-aa89-30fa30b7524c,horseback.tickets,available,393.98,608.98,high,low,9,namecheap,,,21/09/2026 23:38
b0225101-c1e2-4dec-aba6-e6bee0a8edce,vanzetti.tickets,available,359.99,488.88,medium,low,8,namesilo,,,22/09/2026 09:26
a00789e8-e5e9-427e-90a9-70a9224b5757,connector.tickets,available,359.99,488.88,high,low,9,namesilo,,,24/09/2026 17:23
39be07a5-5760-4fa4-8f29-254077fb019a,revenge.tickets,available,359.99,488.88,high,low,7,namesilo,,,25/09/2026 10:18
64fcfe61-5ed8-4492-ad4b-fb1713feff27,beveridge.tickets,available,359.99,488.88,medium,low,9,namesilo,,,23/09/2026 12:04
62cf2313-5f12-46da-abc5-b0ed869959e8,tashkent.tickets,available,359.99,488.88,high,low,8,namesilo,,,24/09/2026 12:32
f1cf07cb-a0e5-4e51-a43c-b7f97d333fa3,toll.tickets,available,399.99,,high,medium,4,name.com,,,
f0c5fa35-cecf-4426-80cb-872aeaa9947e,attar.tickets,available,393.98,608.98,medium,low,5,namecheap,,,20/09/2026 19:21
34a6c73c-259b-4911-ac86-e6124d42a3b3,chris.tickets,available,669.99,669.99,high,medium,5,name.com,,,25/09/2026 17:18
807d397d-9287-4550-a7a0-7e8d176f7898,biennial.tickets,available,393.98,568,high,low,8,namecheap,,,09/08/2026 19:52
d31b0635-31d6-4c5c-8962-f2d09dbf3b35,printable.tickets,available,359.99,488.88,high,low,9,namesilo,,,27/09/2026 05:59
3cde19c1-d9dd-4b14-9b3c-e93931fd5d1c,taradiddle.tickets,available,359.99,488.88,medium,low,10,namesilo,,,21/09/2026 23:52
fe1e96ce-87f2-4900-a610-8e6a883f831b,bathymetry.tickets,available,393.98,608.98,medium,low,10,namecheap,,,22/09/2026 13:55
02d51c48-6b0f-4203-9825-764ce7a681f8,walker.tickets,available,359.99,488.88,high,low,6,namesilo,,,08/09/2026 12:36
7e5d0eb7-5c78-4a02-8365-10cfbfcea32f,berith.tickets,available,393.98,608.98,medium,low,6,namecheap,,,23/09/2026 09:26
abbb3495-098e-47de-ae90-99329c61e58e,shakespeare.tickets,available,359.99,389.99,high,low,11,namesilo,,,
57f0f47b-a38a-4478-9a00-af3b51c595c2,russ.tickets,available,360.97,386.71,high,low,4,porkbun,,,27/09/2026 18:02
72d906fc-0bbf-4e88-9ae7-6006a314c1d1,realised.tickets,available,359.99,488.88,high,low,8,namesilo,,,23/09/2026 17:33
48407e10-06f6-450c-9b84-a7326d85d14d,auspicate.tickets,available,359.99,488.88,medium,low,9,namesilo,,,21/09/2026 03:29
481f793e-8240-43cb-94d3-020cb26870f9,reverent.tickets,available,359.99,389.99,high,low,8,namesilo,,,20/08/2026 16:08
7cc0f311-04fc-4c1a-ba3b-eec923cb0c5c,berserker.tickets,available,359.99,389.99,medium,low,9,namesilo,,,09/08/2026 15:17
1dd2b70a-fcae-4a77-87cf-64b7ca4c4427,keenness.tickets,available,359.99,488.88,high,low,8,namesilo,,,21/09/2026 09:30
b6c272d4-ff75-4b51-a011-9fd8b22304d6,philosophy.tickets,available,393.98,608.98,high,low,10,namecheap,,,27/09/2026 13:03
3c1d7215-5ce5-4eda-847c-f86515d9f9fb,hone.tickets,available,359.99,488.88,high,low,4,namesilo,,,08/09/2026 16:29
8cbb65a0-d955-4663-a0c6-7fa13d06a30a,afraid.tickets,available,359.99,488.88,high,low,6,namesilo,,,26/09/2026 00:46
fe92d1a2-8207-4364-a94d-f468795890a9,vendable.tickets,available,393.98,568,medium,low,8,namecheap,,,24/08/2026 20:30
fa5dcf98-93f5-4521-9951-6bd05ab32e48,osborne.tickets,available,393.98,608.98,high,medium,7,namecheap,,,25/09/2026 08:01
f1dc64b3-e5b9-481f-9664-5da45950f1ed,lyrics.tickets,available,359.99,389.99,high,low,6,namesilo,,,
41551b2a-231a-4d98-936b-528ffa62328b,same.tickets,available,326.21,388.33,high,low,4,spaceship,,,27/09/2026 17:53
b4a1a49b-cf2b-45ab-9f42-bfff49f815ab,phantasma.tickets,available,393.98,608.98,high,low,9,namecheap,,,08/09/2026 18:38
4c6c0b97-fbea-48e4-9aff-ff15a5904ae6,kfc.tickets,available,669.99,669.99,high,low,3,name.com,,,16/09/2026 23:46
31263df9-ac9f-4c1c-ab33-39b303aa45fe,civilised.tickets,available,359.99,389.99,high,low,9,namesilo,,,12/08/2026 09:08
935bdf36-479f-4bab-834f-d23612d98f05,liter.tickets,available,359.99,389.99,high,medium,5,namesilo,,,22/08/2026 17:07
f1d5c16b-8cf1-486b-985f-4f909176c87e,phrasal.tickets,available,393.98,608.98,high,medium,7,namecheap,,,08/09/2026 19:19
06c26ec0-cef2-483e-bb87-fb1733c5fe59,gravelly.tickets,available,393.98,568,medium,low,8,namecheap,,,20/08/2026 18:27
19ba504f-1547-41ee-834e-050b1c86eefc,aengus.tickets,available,393.98,608.98,medium,low,6,namecheap,,,17/09/2026 12:29
d19f0ac8-a247-4fa7-88b2-4cdd68fb94af,beg.tickets,available,359.99,389.99,high,low,3,namesilo,,,
7be87081-737f-475e-8af2-a1ce4aefa884,herein.tickets,available,359.99,488.88,medium,low,6,namesilo,,,15/09/2026 00:30
19190131-c61e-4347-a1b6-57326d14ae57,drawback.tickets,available,359.99,488.88,medium,low,8,namesilo,,,24/09/2026 23:54
e6406434-e2ff-48bb-b141-7983735b570f,abilities.tickets,available,359.99,488.88,high,low,9,namesilo,,,17/09/2026 04:45
2fb9cef2-68bd-4f97-a777-90759e773da9,belgrade.tickets,available,393.98,608.98,high,low,8,namecheap,,,23/09/2026 05:11
ea21c56a-2384-4eaa-8344-de75878245e2,reliably.tickets,available,359.99,488.88,high,low,8,namesilo,,,14/09/2026 11:46
73e8c3e9-c43d-48d4-a65f-37fc83fa6243,forester.tickets,available,359.99,488.88,medium,low,8,namesilo,,,20/09/2026 00:50
76f95325-cdca-4935-871b-0ad627f97233,willie.tickets,available,359.99,488.88,medium,low,6,namesilo,,,25/09/2026 11:47
1ea742c1-af28-4ad2-b696-f41728e09e88,shrewdly.tickets,available,359.99,488.88,medium,low,8,namesilo,,,13/09/2026 22:22
22684ac6-74c3-4624-b66f-e7c3232d23d7,uniformed.tickets,available,359.99,488.88,medium,low,9,namesilo,,,12/09/2026 12:57
bf89a73e-8a21-4e55-9ccd-a6bd529d7140,korean.tickets,premium,1875,1875,high,low,6,name.com,,,22/08/2026 17:02
b46a5c98-76bd-4672-922d-aa4d0df7307c,notched.tickets,available,359.99,389.99,medium,low,7,namesilo,,,17/08/2026 12:35
b1a735de-9b7c-4b4d-a37d-273c82004cf7,congress.tickets,available,359.99,488.88,high,low,8,namesilo,,,24/09/2026 13:02
9bde8a66-2345-49ad-a004-3716a5929549,relational.tickets,available,359.99,488.88,high,low,10,namesilo,,,09/09/2026 13:20
0f866fb6-c149-4797-a318-020e2c8f396b,experiment.tickets,available,359.99,488.88,high,low,10,namesilo,,,23/09/2026 08:49
cab9cd29-b661-46dc-9b90-e2c8519d3e05,stealthily.tickets,available,393.98,608.98,medium,low,10,namecheap,,,16/09/2026 06:59
8f70d419-3d57-43ab-bf30-11e9a434026c,hazardous.tickets,available,359.99,389.99,medium,low,9,namesilo,,,21/08/2026 01:42
0b4af49b-0029-4941-894d-bd0a24b36354,coward.tickets,available,393.98,608.98,medium,low,6,namecheap,,,24/09/2026 18:55
c9165081-0feb-4ac0-8230-ce7ef4183019,beholding.tickets,available,359.99,488.88,medium,low,9,namesilo,,,10/09/2026 01:47
81eaa126-42aa-4264-a481-c5b2cc35ed16,strung.tickets,available,359.99,488.88,medium,low,6,namesilo,,,10/09/2026 22:54
637803d9-31ed-4422-b955-82eecc0bb20d,coats.tickets,available,359.99,488.88,high,low,5,namesilo,,,17/09/2026 00:23
06f4654e-abaf-4c68-b0d0-9bb4c0d91962,acerose.tickets,available,359.99,389.99,medium,low,7,namesilo,,,
a0c55780-b6af-4e65-b0fd-0a06d368bbc3,dvd.tickets,available,359.99,389.99,high,low,3,namesilo,,,
6345ade4-7912-4e11-b344-db08d7c91649,allergen.tickets,available,393.98,608.98,high,low,8,namecheap,,,18/09/2026 10:53
08899298-ea00-4b3a-82f5-8816fa8227be,sparse.tickets,available,359.99,488.88,high,medium,6,namesilo,,,10/09/2026 15:17
f0770a4a-560b-417b-affa-93c85a4430f3,married.tickets,available,359.99,488.88,high,low,7,namesilo,,,25/09/2026 16:47
63d47e4e-7079-4196-b8a1-d02c27445297,ochs.tickets,available,393.98,608.98,medium,low,4,namecheap,,,17/09/2026 09:36
2c3e2324-7915-4aca-b189-49ce79e3ff8b,outcast.tickets,available,359.99,389.99,high,low,7,namesilo,,,18/08/2026 15:35
a6938988-f204-425e-88f0-c62604901f3a,batman.tickets,premium,1875,,high,low,6,name.com,,,
be6d1958-70d4-4ad3-aa67-338d61969b68,finishing.tickets,available,359.99,488.88,high,low,9,namesilo,,,27/09/2026 03:58
1fc0f61c-2b59-4a0a-8abb-917e97ba2a34,cosmologic.tickets,available,359.99,389.99,medium,low,10,namesilo,,,13/08/2026 02:56
b4d3a374-e39e-407d-a809-a12cc2bae115,blende.tickets,available,359.99,488.88,medium,low,6,namesilo,,,24/09/2026 05:43
fbe47029-9621-4721-9f3c-358a7d6d3a41,wan.tickets,available,359.99,488.88,high,low,3,namesilo,,,04/09/2026 23:53
547c6d89-f741-42a8-b3e1-6df4eba05595,seekers.tickets,available,359.99,488.88,medium,low,7,namesilo,,,21/09/2026 07:32
85ec62ef-7972-4a1f-9cd0-54baf87b89a6,truce.tickets,available,359.99,488.88,high,low,5,namesilo,,,20/09/2026 07:17
e1cf7a61-8c7e-4e90-837f-f2ffe6c2b848,auditory.tickets,available,359.99,488.88,high,low,8,namesilo,,,22/09/2026 12:39
0787bc88-a65e-49d1-b34c-49382684f14c,farseeing.tickets,available,359.99,389.99,high,low,9,namesilo,,,14/08/2026 22:22
2a1f8dd0-fdd2-4b9f-9e04-1170769bb221,perturb.tickets,available,359.99,488.88,medium,low,7,namesilo,,,24/09/2026 22:49
6147022e-f567-4cd9-912b-b46f4115cfec,northbound.tickets,available,393.98,608.98,high,low,10,namecheap,,,03/09/2026 21:29
3fb7b7bf-b72a-4d67-97d4-fe3579274def,outsize.tickets,available,393.98,608.98,high,low,7,namecheap,,,04/09/2026 19:38
0c5c27b0-e5f0-4618-bbe2-59658654e9d1,velocity.tickets,available,359.99,389.99,high,low,8,namesilo,,,
f0893575-2d7c-419f-8e55-1144dcf4acdd,pervious.tickets,available,393.98,608.98,medium,low,8,namecheap,,,08/09/2026 18:09
7f75be10-bb37-42f9-92ee-57a10f8508da,mcmuffin.tickets,available,399.99,,high,low,8,name.com,,,
7ecf7c62-0df6-4f5e-8610-2cf31cbfd47b,suety.tickets,available,359.99,488.88,low,low,5,namesilo,,,11/09/2026 01:08
fe11d739-28b8-4dd1-9a0a-f1222eaeaea9,strait.tickets,available,359.99,488.88,medium,low,6,namesilo,,,10/09/2026 21:53
e44e3e76-d8ae-48a4-8287-c3d6dd27c9d1,recommending.tickets,available,359.99,488.88,medium,low,12,namesilo,,,28/09/2026 03:25
5fd7586d-423f-4848-83d6-41d95b6eb933,algae.tickets,available,359.99,488.88,high,low,5,namesilo,,,18/09/2026 06:48
0ef8b229-03dc-4a98-a5e4-6939add71803,clunk.tickets,available,359.99,488.88,medium,low,5,namesilo,,,11/09/2026 15:10
4900ebe7-bab2-4afe-a493-1797d004ee2b,abatis.tickets,available,359.99,488.88,medium,low,6,namesilo,,,16/09/2026 14:12
dc9b0ea2-c821-4798-8e84-f0d9ae06e37a,krupp.tickets,available,359.99,488.88,medium,low,5,namesilo,,,18/09/2026 06:37
c55e1117-a0b6-4c02-b5fc-46630ddf543b,victory.tickets,premium,1950,1950,high,low,7,namecheap,,,25/09/2026 10:56
97d4c492-5418-419e-9043-6062a1b17693,minimums.tickets,available,359.99,488.88,medium,low,8,namesilo,,,20/09/2026 08:36
b3b759df-6502-4764-8804-f0adcf0928de,lewis.tickets,available,393.98,608.98,high,low,5,namecheap,,,25/09/2026 03:55
0f1108ce-b2a2-4fa1-a119-46f9c11cc64d,anser.tickets,available,359.99,488.88,medium,low,5,namesilo,,,19/09/2026 12:03
beb091a7-bf4c-4886-b2e9-c3471cc8f787,oblige.tickets,available,359.99,488.88,high,low,6,namesilo,,,03/09/2026 23:41
571d7925-5907-4f38-878e-d52473bd8d63,azurite.tickets,available,359.99,488.88,high,low,7,namesilo,,,21/09/2026 11:39
74e93924-549d-4095-9c04-2242f886435f,freedom.tickets,premium,1875,,high,medium,7,name.com,,,
54baceae-3da8-4f83-ae8a-f0df9aa43ce9,hemal.tickets,available,393.98,568,medium,low,5,namecheap,,,20/08/2026 21:41
d045f483-fa34-4271-a779-ebc4d3f78166,pyemic.tickets,available,359.99,488.88,high,medium,6,namesilo,,,09/09/2026 06:48
aa8a0d6b-4d54-4821-bcb5-dc1b8fccd1ae,jones.tickets,premium,1995,1995,high,low,5,namesilo,,,25/09/2026 00:23
0184ae10-1c15-4e8b-b4f5-b766abed3b40,advection.tickets,available,359.99,488.88,medium,low,9,namesilo,,,17/09/2026 10:31
bbf4c4e3-45d1-4e03-a243-c0e11a6fd520,unerasable.tickets,available,359.99,389.99,high,low,10,namesilo,,,22/08/2026 02:39
f6f7b103-8bad-458d-91f9-c8e3dc9ab52e,ticket.tickets,premium,12480,12480,high,low,6,namecheap,,,24/09/2026 18:18
3201f980-0245-4cd2-89aa-9e33e0b7d7fa,feb.tickets,available,359.99,389.99,high,low,3,namesilo,,,
4cd3c860-493a-41e2-9a22-068fa807372e,boringly.tickets,available,359.99,488.88,medium,low,8,namesilo,,,14/09/2026 01:08
b7b24997-c5cd-4e05-9d4c-dda028eaca21,collegiate.tickets,available,359.99,389.99,high,low,10,namesilo,,,12/08/2026 17:08
2d9c4ad6-9b0d-4e29-a570-c0888a7cec3f,winner.tickets,premium,1875,,high,low,6,name.com,,,
eec61b7d-0755-4b72-bf11-bf2d4fa7d66c,unobvious.tickets,available,359.99,488.88,medium,low,9,namesilo,,,12/09/2026 16:07
d1322b42-a864-4854-8ab9-958316ee3b8a,clubable.tickets,available,359.99,389.99,medium,low,8,namesilo,,,12/08/2026 12:57
68f30ef6-4bbc-4ddc-bf83-e06fffcae365,punctually.tickets,available,359.99,488.88,high,low,10,namesilo,,,14/09/2026 14:45
6fb34cfa-c79b-4154-a88d-65d3558a1faa,hats.tickets,available,393.98,608.98,high,low,4,namecheap,,,18/09/2026 07:32
e8fb48a6-5d8c-4b74-ad80-96089b6fbc30,watchfully.tickets,available,359.99,488.88,medium,low,10,namesilo,,,16/09/2026 10:58
179e63d1-1274-4eac-a758-24f253fa89b5,superhuman.tickets,available,359.99,488.88,high,low,10,namesilo,,,11/09/2026 02:16
5c95b6b7-7179-420a-b591-c7cb3de463fd,aphrodisia.tickets,available,359.99,488.88,medium,low,10,namesilo,,,19/09/2026 17:14
5d93e735-70b9-4507-aac9-f7753eb7d32d,clothes.tickets,available,399.99,,high,low,7,name.com,,,
3acf022e-0760-498f-8ced-bebab550dacb,lodge.tickets,available,359.99,389.99,high,low,5,namesilo,,,
04a10d57-f9c8-40e9-a0d5-1630fa0ba460,plenty.tickets,available,359.99,389.99,high,low,6,namesilo,,,17/08/2026 09:49
472db7e2-58a1-4231-80d2-c2d2749fd464,russia.tickets,available,359.99,389.99,high,medium,6,namesilo,,,
c565f954-65b7-43b7-af03-95b12aeb2936,silas.tickets,available,359.99,488.88,high,low,5,namesilo,,,27/09/2026 19:41
e93b6bfa-989c-4e7a-9159-2904b8ac4bf2,unfounded.tickets,available,359.99,389.99,medium,low,9,namesilo,,,08/08/2026 21:57
a720044d-df6e-469a-932e-f423fa83d21d,bacterium.tickets,available,359.99,488.88,medium,low,9,namesilo,,,21/09/2026 16:30
9081f715-229e-47ef-8001-4a59550e2e42,est.tickets,available,359.99,488.88,high,low,3,namesilo,,,28/09/2026 01:49
e5fdd0f0-636b-4561-b095-e3b8039c4886,ilx.tickets,available,359.99,389.99,medium,low,3,namesilo,,,
cf3495a8-9882-40bc-b49b-250b2bec1137,headquarters.tickets,available,359.99,488.88,high,low,12,namesilo,,,27/09/2026 02:02
a1aa64fe-074e-41ce-9021-929e00a4ca3a,baloney.tickets,available,359.99,488.88,medium,low,7,namesilo,,,21/09/2026 23:43
40d07207-4ad5-4959-bf60-03dfa92624ff,newfangled.tickets,available,359.99,488.88,medium,low,10,namesilo,,,03/09/2026 16:46
5437c692-a122-4dfb-bf8a-ea73f9eb5bb9,barwood.tickets,available,359.99,389.99,medium,low,8,namesilo,,,
45dc6973-8798-40b3-8f1e-de3dbdb5feb5,downstair.tickets,available,393.98,568,medium,low,9,namecheap,,,14/08/2026 17:57
9300f1a7-3af9-4c83-b077-fbdfe40cac24,quadruplex.tickets,available,359.99,389.99,medium,low,10,namesilo,,,18/08/2026 13:26
e689ccfd-e5a3-4b08-a179-6417e0dfa24c,meade.tickets,available,669.99,669.99,high,low,5,name.com,,,27/09/2026 04:12
449c9d6a-f492-41df-8ffe-2f8d9ba2f916,aperitif.tickets,available,359.99,488.88,high,low,8,namesilo,,,19/09/2026 16:32
3d576ebc-462a-4c61-8c67-6145848dc02e,yank.tickets,available,359.99,488.88,high,low,4,namesilo,,,13/09/2026 14:14
255beed3-579e-45f1-be7a-758f09e255f9,tracing.tickets,available,359.99,389.99,high,low,7,namesilo,,,
d766efed-3e95-4457-ac43-8984489616af,agathis.tickets,available,393.98,608.98,medium,low,7,namecheap,,,17/09/2026 16:31
32a59f24-f405-4a72-9c63-222346148d77,jockstrap.tickets,available,393.98,608.98,medium,low,9,namecheap,,,20/09/2026 21:10
cc2b5018-e552-44ee-9562-80b4dbb5a981,escaped.tickets,available,359.99,389.99,medium,low,7,namesilo,,,07/08/2026 11:22
2298c270-09b1-4b9e-8b6a-0f29a2010d60,vomiting.tickets,available,359.99,389.99,high,low,8,namesilo,,,
80a90d28-9ee7-4a0a-b454-144c6f91c863,met.tickets,available,326.21,388.33,high,low,3,spaceship,,,27/09/2026 17:23
8efb22e7-d230-43dd-b7fc-2f35ea7aa957,hen.tickets,available,359.99,488.88,high,low,3,namesilo,,,23/09/2026 13:44
665df157-c74c-4262-a54e-bf5a4fe975c1,furtive.tickets,available,359.99,389.99,medium,low,7,namesilo,,,08/08/2026 06:32
79870185-9a3b-463c-8dfe-a3d270ba68fc,grown.tickets,available,359.99,488.88,high,low,5,namesilo,,,08/09/2026 15:16
e83d991a-4345-40ed-96e7-3d6833bc4d5f,awake.tickets,available,359.99,488.88,high,low,5,namesilo,,,22/09/2026 14:37
303f744f-f5af-459c-85cc-844494c0202a,fondness.tickets,available,359.99,488.88,high,low,8,namesilo,,,17/09/2026 14:17
599404b1-aff1-4027-ad01-1625a9813aef,blowout.tickets,available,359.99,488.88,high,low,7,namesilo,,,27/09/2026 16:59
76d061c3-50cf-4c21-9cf2-8ac62504e602,carrier.tickets,available,399.99,,high,low,7,name.com,,,
eefbb4e9-555e-4ac1-b42d-601e27a83101,brisk.tickets,available,359.99,389.99,high,low,5,namesilo,,,11/08/2026 00:32
e4e67f52-e327-4a9f-a396-f3db0ea5255a,divers.tickets,available,359.99,389.99,high,low,6,namesilo,,,
e0bf7f02-6aa9-474a-8723-b8fd52808ae7,celsius.tickets,available,359.99,488.88,high,low,7,namesilo,,,19/09/2026 04:00
0976719d-d6cb-48ff-8c14-8c54b9da2863,clearance.tickets,available,359.99,488.88,high,low,9,namesilo,,,08/09/2026 08:11
9fab0cb8-92ba-4465-b1a7-2e6b52167ba1,keno.tickets,premium,1995,1995,high,low,4,namesilo,,,22/09/2026 20:42
384237d3-ce86-4d89-9cc7-8323b4d8b58a,outback.tickets,available,359.99,488.88,high,low,7,namesilo,,,26/09/2026 03:21
de7cb865-5f3f-4992-a7c7-aa7577bcd411,sentimental.tickets,available,326.21,388.33,high,low,11,spaceship,,,28/09/2026 03:30
2f95c3a5-19aa-42b7-bb4d-d21287e1b73d,hale.tickets,available,359.99,389.99,high,low,4,namesilo,,,20/08/2026 22:23
dbf1eaca-9dbc-486c-a677-58047f667e78,porous.tickets,available,359.99,389.99,medium,low,6,namesilo,,,21/08/2026 10:25
288d97d3-7ff0-48a3-bd3a-d45fbcfe3ef8,prudishly.tickets,available,359.99,488.88,low,low,9,namesilo,,,15/09/2026 21:53
600cb2a8-4e4a-47b6-b1e7-55544bf7847a,squinch.tickets,available,393.98,608.98,medium,low,7,namecheap,,,10/09/2026 17:51
a65a71eb-9f94-42d3-bf26-4d9e36cb5408,towels.tickets,available,359.99,488.88,high,low,6,namesilo,,,18/09/2026 12:23
a4458445-2970-4176-b1fa-fa0c6a7f7719,placement.tickets,available,359.99,488.88,high,low,9,namesilo,,,09/09/2026 00:08
bbc41e4c-98c9-47f3-b9da-b4095611150c,saws.tickets,premium,1995,1995,medium,low,4,namesilo,,,20/09/2026 09:02
6775b435-4c80-468c-9224-ee6a40d44145,motile.tickets,available,359.99,389.99,high,low,6,namesilo,,,25/08/2026 07:18
90fb9000-2468-4ad4-9921-3c3a9215c78b,smoggy.tickets,available,359.99,488.88,medium,low,6,namesilo,,,10/09/2026 11:52
2609f46c-7d40-43e9-8ee8-4c351743e507,amiable.tickets,available,393.98,608.98,high,low,7,namecheap,,,21/09/2026 21:32
06904150-58a4-4467-a36f-200a678b89a7,hanoverian.tickets,available,359.99,389.99,medium,low,10,namesilo,,,20/08/2026 23:44
0b84eb71-a1d2-486b-8cb7-59cf74102553,strikingly.tickets,available,393.98,608.98,medium,low,10,namecheap,,,16/09/2026 07:22
f94d569a-0bb1-4583-b6b1-a81870271fdd,chromatic.tickets,available,359.99,389.99,high,low,9,namesilo,,,12/08/2026 07:22
b848c98a-baac-4494-995d-923b5afa78d5,reality.tickets,available,359.99,488.88,high,low,7,namesilo,,,26/09/2026 00:09
31428186-8b72-4d76-8784-94a5303daf7d,mauldin.tickets,available,359.99,488.88,medium,low,7,namesilo,,,23/09/2026 16:01
12d40506-680f-42e5-942f-03ede12d3387,animist.tickets,available,359.99,389.99,medium,low,7,namesilo,,,
08216d2e-abca-4cfb-8703-6c82b122d39c,descendant.tickets,available,359.99,389.99,high,low,10,namesilo,,,14/08/2026 03:14
1efacd12-ecee-4402-8d83-64c3f31aa2c0,unbowed.tickets,available,359.99,488.88,medium,low,7,namesilo,,,12/09/2026 02:27
7e40529c-c846-4eb8-b9c5-aa41aca7aead,anorexia.tickets,available,359.99,488.88,medium,low,8,namesilo,,,19/09/2026 11:46
dac5e1fa-b169-40ac-8cd6-675a9d71b9f9,praise.tickets,premium,1875,,high,low,6,name.com,,,
a748e22e-467b-46cb-a448-11b406f94bb5,crook.tickets,available,359.99,389.99,medium,low,5,namesilo,,,13/08/2026 06:27
8f62ba43-6308-4738-bd88-81bafbd38595,designed.tickets,available,359.99,488.88,high,low,8,namesilo,,,24/09/2026 06:34
578befb5-9f5b-4ad0-b97c-f76c01092223,anymore.tickets,available,359.99,389.99,high,low,7,namesilo,,,
3d8763b6-6401-4f2e-a2b1-e53afb77664e,grandiose.tickets,available,393.98,568,high,low,9,namecheap,,,20/08/2026 17:58
c93ff574-f493-4109-82b6-5be7eacf8641,greensboro.tickets,available,359.99,488.88,high,low,10,namesilo,,,27/09/2026 04:17
ce1fd42d-a31e-4e4f-b046-a20a37ca384d,instructions.tickets,available,359.99,488.88,high,low,12,namesilo,,,25/09/2026 16:47
7a956bb2-5a19-47e6-999b-7fcf47023696,cephalopod.tickets,available,359.99,389.99,medium,low,10,namesilo,,,12/08/2026 00:21
219f3647-f405-46c8-a33a-ebcd517b5a64,aberdare.tickets,available,393.98,608.98,medium,low,8,namecheap,,,16/09/2026 15:08
b88cb5e1-c1fb-4f01-afcd-29b866fcd16c,receives.tickets,available,359.99,488.88,medium,low,8,namesilo,,,18/09/2026 17:46
d3f6775f-f9e5-49fc-8d9b-0bd63f21ed3d,fugitive.tickets,available,359.99,389.99,high,low,8,namesilo,,,18/08/2026 07:53
915ec50d-91b0-4b8f-b745-aeb926bf823b,nugatory.tickets,available,359.99,488.88,low,low,8,namesilo,,,03/09/2026 22:26
3638ae9e-6efa-447d-be21-d4ddc923b300,icky.tickets,available,359.99,389.99,medium,low,4,namesilo,,,13/08/2026 05:07
7dbd2170-b491-41d3-8e1c-231044d9445e,surveys.tickets,available,393.98,608.98,medium,low,7,namecheap,,,17/09/2026 07:59
86a7131f-1e5d-49a6-874c-4e930ab9e94c,scam.tickets,available,359.99,488.88,high,low,4,namesilo,,,14/09/2026 08:03
1ae7367c-bccc-4d9f-8e7a-b3ef8ba31b75,bindable.tickets,available,359.99,389.99,high,low,8,namesilo,,,09/08/2026 23:44
ecae84a4-7ab3-4ab7-8ff6-db769e6ed186,quotes.tickets,available,393.98,608.98,high,low,6,namecheap,,,18/09/2026 21:27
4504913a-d252-43f6-a9e7-dddbc9affd16,obscure.tickets,available,359.99,389.99,high,low,7,namesilo,,,05/08/2026 21:59
c1ed86ff-7ab8-4f0b-88fb-cc4e0fd5f514,happened.tickets,available,393.98,608.98,medium,low,8,namecheap,,,25/09/2026 20:05
ff448b5f-95c5-430e-985d-839a14b60849,pointy.tickets,available,359.99,389.99,high,low,6,namesilo,,,
76ed103a-3ad6-45d3-8347-4cc82aba8f9f,families.tickets,available,359.99,389.99,medium,low,8,namesilo,,,
06709467-a1d8-474c-9fd5-bdff35c2d49f,archine.tickets,available,359.99,488.88,medium,low,7,namesilo,,,20/09/2026 02:10
aa9ae9ce-2c55-472a-8949-5d1a249db6b5,honorary.tickets,available,359.99,389.99,high,low,8,namesilo,,,21/08/2026 13:29
b7908e3f-3c33-47f3-8cbe-c9d235d59050,cockpit.tickets,available,359.99,389.99,high,low,7,namesilo,,,
4ecac446-9a82-4eac-8590-0832ca5e5470,consumption.tickets,available,359.99,389.99,high,low,11,namesilo,,,
86e0fe91-a98c-4312-a695-38c6662bdd17,stick.tickets,available,359.99,389.99,high,low,5,namesilo,,,
afb16c6a-5f5a-4041-be6b-8f68fe0c2eb6,considering.tickets,available,669.99,669.99,medium,low,11,name.com,,,26/09/2026 03:06
a15d0eeb-765d-43fd-a185-4de8133f6e35,mosque.tickets,available,399.99,,high,low,6,name.com,,,
75e7a5f3-4410-4fed-940c-b742cac5d0c6,patchy.tickets,available,359.99,488.88,medium,low,6,namesilo,,,08/09/2026 10:20
a4a6f6b0-6224-4153-810e-19cf36bfb4b3,broker.tickets,available,669.99,669.99,high,low,6,name.com,,,24/09/2026 10:40
fc30323c-f738-4670-b991-116674399bfe,whitish.tickets,available,359.99,389.99,medium,low,7,namesilo,,,24/08/2026 23:06
60a94bc1-d602-4e3c-8ae5-47e346d08cdb,draining.tickets,available,393.98,568,medium,low,8,namecheap,,,14/08/2026 18:19
d4f4353f-1dd1-468e-aba3-d694b2c7ce11,muhammadan.tickets,available,359.99,389.99,medium,low,10,namesilo,,,25/08/2026 03:21
7d1a4346-b991-493f-addf-3f9e94eb1adf,scripture.tickets,available,359.99,488.88,high,low,9,namesilo,,,23/09/2026 12:48
37ed8dcc-f78a-49d4-bc3f-a2d5c8998d76,battleship.tickets,available,359.99,488.88,high,low,10,namesilo,,,22/09/2026 16:29
1f079bbb-5147-4e0f-bd4e-f5f0d4569544,scalic.tickets,available,359.99,488.88,medium,low,6,namesilo,,,09/09/2026 22:27
8060ba98-4810-4e60-8d16-780cd3170b28,glace.tickets,available,359.99,389.99,medium,low,5,namesilo,,,13/08/2026 09:46
7b3cdbc2-809a-4a0a-b247-27c949bcbb68,warm.tickets,available,359.99,488.88,high,low,4,namesilo,,,21/09/2026 21:51
df6a52e0-ba63-4d06-aee9-5913fde63827,tumescent.tickets,available,359.99,389.99,medium,low,9,namesilo,,,22/08/2026 08:52
6e8dbc0a-4d41-48bb-b717-45638c4e1321,forms.tickets,available,359.99,488.88,high,low,5,namesilo,,,17/09/2026 09:39
8baa87c2-5a9e-4d7f-9a2e-560e2a0a819b,crappy.tickets,available,359.99,389.99,medium,low,6,namesilo,,,13/08/2026 05:12
820b5347-e1cc-4394-a03f-3ff8c0c35bfd,sawtooth.tickets,available,359.99,389.99,medium,low,9,namesilo,,,
a29b63e3-9cb0-49c8-98f4-73b99d94ebe7,extensive.tickets,available,393.98,568,medium,low,9,namecheap,,,
3ea01172-df3d-4c6a-b5d7-857b96fcdfc1,airborne.tickets,available,393.98,568,high,low,8,namecheap,,,
5c6404ab-48d9-4177-8ba1-4b0ea27334e2,glaswegian.tickets,available,359.99,389.99,medium,low,10,namesilo,,,20/08/2026 14:14
dddb4c83-ebec-464b-aa5e-6a9a3c24cbd8,richard.tickets,available,359.99,488.88,high,low,7,namesilo,,,25/09/2026 17:40
4a9698d9-01cd-4e58-8b03-a30527f9bcb9,counseled.tickets,available,359.99,488.88,medium,low,9,namesilo,,,20/09/2026 16:45
b6452e11-b009-4c4d-ad34-45aa38453881,khomeini.tickets,available,359.99,488.88,medium,low,8,namesilo,,,21/09/2026 10:36
3124c849-6fba-4fa0-b409-93533d5b8862,decadent.tickets,available,393.98,568,high,low,8,namecheap,,,13/08/2026 20:50
4e17becf-e17a-475e-b368-4b2503b933a4,avenue.tickets,available,359.99,488.88,high,medium,6,namesilo,,,21/09/2026 09:08
649c41d3-c800-4242-9940-dc94769ded38,autocracy.tickets,available,359.99,488.88,medium,low,9,namesilo,,,21/09/2026 06:08
56d4f3c4-efda-4f15-aef5-779f003478ef,phil.tickets,available,359.99,389.99,high,medium,4,namesilo,,,
26b822c5-3b2d-4ba6-b514-d361d695a216,antisocial.tickets,available,359.99,389.99,medium,low,10,namesilo,,,05/08/2026 19:39
087cf93e-d3fe-461e-84b0-75f5f952ad39,unkempt.tickets,available,359.99,488.88,medium,low,7,namesilo,,,12/09/2026 14:07
ddb2eb7f-2483-48e2-a79c-61356c95a516,carpus.tickets,available,393.98,608.98,medium,low,6,namecheap,,,20/09/2026 11:32
e6df28b7-a09b-43a3-9145-2cea752c515b,occurrent.tickets,available,359.99,488.88,medium,low,9,namesilo,,,04/09/2026 00:18
476f944b-f620-4e6e-a7b5-99a3d04c35c9,logo.tickets,available,359.99,488.88,high,low,4,namesilo,,,23/09/2026 08:54
709f1b87-919c-4e67-a509-37802ee23d63,wrestling.tickets,premium,1875,,high,low,9,name.com,,,
3e44ee14-69b4-4529-ae8e-e2fe12479037,indirect.tickets,available,359.99,389.99,high,low,8,namesilo,,,12/08/2026 16:43
d9d6a7e4-96ba-426b-bec9-b7bcb950f639,condiment.tickets,available,359.99,389.99,high,low,9,namesilo,,,
c47073e3-1fb1-4881-acf9-879bfadbf132,handling.tickets,available,359.99,488.88,high,low,8,namesilo,,,25/09/2026 23:04
2e5cce85-f283-4a2e-a9d5-c1fbf2d34d92,wished.tickets,available,393.98,608.98,medium,low,6,namecheap,,,17/09/2026 18:39
f93a2fe2-85f4-474c-9d66-3d982386e80e,beachwear.tickets,available,393.98,608.98,high,low,9,namecheap,,,22/09/2026 19:10
d2159637-4146-43c6-9357-5a8ae00501d3,callous.tickets,available,359.99,389.99,medium,low,7,namesilo,,,11/08/2026 14:30
a17c86ef-68b8-4677-bbd3-60c6a44568bf,fossorial.tickets,available,359.99,389.99,medium,low,9,namesilo,,,18/08/2026 13:21
cf36b965-ff58-4a6b-a403-cab668496843,xlvii.tickets,available,359.99,389.99,medium,low,5,namesilo,,,
6a070c54-abb2-427f-b6e0-4d54fdc20cde,actuarial.tickets,available,393.98,568,medium,low,9,namecheap,,,
b3a0b0f0-9f51-4c34-8f1e-30fde085cbe2,nigel.tickets,available,326.21,388.33,high,low,5,spaceship,,,27/09/2026 17:08
7288777a-b010-4a1d-9775-a90731dcb0e1,bodyguard.tickets,available,359.99,488.88,high,low,9,namesilo,,,24/09/2026 06:33
9e8ba2dc-660d-4592-b737-41fd74586004,spiky.tickets,available,359.99,488.88,medium,low,5,namesilo,,,08/09/2026 11:12
0ad5b139-657e-4f18-b96a-86900213f8e1,susquehanna.tickets,available,359.99,488.88,medium,low,11,namesilo,,,27/09/2026 01:59
b04d17f1-9479-4c2f-b960-83b1ce91a507,magenta.tickets,available,359.99,389.99,high,low,7,namesilo,,,24/08/2026 12:57
d0bbab30-6b61-4c4d-b579-68e1c1549cf3,bumper.tickets,available,359.99,488.88,high,low,6,namesilo,,,24/09/2026 11:09
32ceab36-22ec-4587-8698-b4ef565d5986,bundle.tickets,available,359.99,389.99,high,low,6,namesilo,,,
310eab10-9dff-4c34-8115-56c70000154a,unyielding.tickets,available,359.99,389.99,high,low,10,namesilo,,,14/08/2026 15:01
fc3abffc-7209-41d3-91c0-520b13621c2b,nobelium.tickets,available,393.98,608.98,medium,low,8,namecheap,,,20/09/2026 21:58
4f89ea91-6488-4c62-b641-17e4cc7d388a,desirous.tickets,available,359.99,389.99,medium,low,8,namesilo,,,14/08/2026 03:49
63e85c10-aee4-4db0-a936-36e458e669a7,foot.tickets,premium,1875,,high,low,4,name.com,,,
0206a0e8-4da5-418d-bc12-cf4ab8bf6ca9,sabine.tickets,available,359.99,488.88,high,medium,6,namesilo,,,09/09/2026 20:34
37449b20-039f-4ae0-8511-3b107a83cfcf,join.tickets,available,359.99,389.99,high,medium,4,namesilo,,,
8e50cadc-c025-4d55-8da2-453834e1f154,belching.tickets,available,359.99,488.88,medium,low,8,namesilo,,,23/09/2026 04:36
b87559cc-e230-410d-bd6e-cb27cf4f5bde,antefix.tickets,available,393.98,608.98,medium,low,7,namecheap,,,19/09/2026 12:49
d81c2849-a9df-48ce-ba31-967686d9c430,organ.tickets,available,359.99,389.99,high,low,5,namesilo,,,
ab36fdf8-3123-4754-88c8-2cfc10140ebb,analecta.tickets,available,359.99,488.88,high,low,8,namesilo,,,19/09/2026 01:47
ee484d84-fcec-466a-96f8-843f37d9d971,astern.tickets,available,359.99,389.99,medium,low,6,namesilo,,,
d92fda12-015b-4d27-a3dc-df2928f57cc7,sporty.tickets,available,359.99,488.88,high,low,6,namesilo,,,10/09/2026 16:35
ac3464d2-909b-4ed7-a8ec-f79a7af6b6eb,spite.tickets,available,393.98,608.98,high,low,5,namecheap,,,23/09/2026 22:22
a3c1a964-63ef-40f1-b0b7-51b2faa2f217,belly.tickets,available,359.99,488.88,high,low,5,namesilo,,,16/09/2026 14:48
3f327dd9-b99e-4f87-b10e-da5159d41d4b,useable.tickets,available,359.99,488.88,medium,low,7,namesilo,,,12/09/2026 23:57
409f7736-c771-4183-ac86-75bb0c39a877,awful.tickets,available,359.99,488.88,high,low,5,namesilo,,,22/09/2026 15:06
fc9636d4-3bd5-4669-a42e-d9b3a09c9846,converge.tickets,available,359.99,389.99,high,low,8,namesilo,,,
3849e748-052a-498d-8571-e1515dc8fd55,adherence.tickets,available,393.98,608.98,high,low,9,namecheap,,,17/09/2026 07:58
3c7537bf-afe7-4fe4-af38-d8eb239e39ea,zygoma.tickets,available,359.99,488.88,medium,low,6,namesilo,,,20/09/2026 03:03
9dfe7b6a-f301-48fa-8803-029da5735ad3,animate.tickets,available,359.99,488.88,high,low,7,namesilo,,,22/09/2026 04:47
5707062e-71cf-492c-995e-bfd58f56699e,round.tickets,available,359.99,389.99,high,low,5,namesilo,,,09/08/2026 05:09
3d0a1cef-cd67-4083-86e1-348b2b9473d7,tempers.tickets,available,359.99,488.88,medium,low,7,namesilo,,,20/09/2026 14:00
40bf55c0-9183-461c-b1b2-c6d598d4d326,scorned.tickets,available,359.99,389.99,medium,low,7,namesilo,,,14/08/2026 04:16
886cb8eb-6e24-492a-868a-44390b47c08f,arariba.tickets,available,359.99,488.88,medium,low,7,namesilo,,,20/09/2026 00:13
237124a7-e6be-42d1-9cdd-f223f347dd55,kansas.tickets,available,359.99,389.99,high,low,6,namesilo,,,
309d7cc8-0340-408b-81e7-037c4258d39e,saturated.tickets,available,359.99,488.88,medium,low,9,namesilo,,,09/09/2026 21:53
c130a927-f7cc-48c5-88d9-11de4dde9947,plunge.tickets,available,393.98,608.98,high,low,6,namecheap,,,10/09/2026 19:52
7b720a13-3787-4f43-8e39-b8281ebe2372,sounding.tickets,available,359.99,488.88,high,low,8,namesilo,,,25/09/2026 14:20
101ffe14-7102-457f-be8c-635d16dea291,slashed.tickets,available,359.99,488.88,medium,low,7,namesilo,,,10/09/2026 10:06
1b2b8762-29fd-411d-9ea1-ad46f6fd45ef,probably.tickets,available,359.99,488.88,high,low,8,namesilo,,,25/09/2026 13:48
080c43eb-1c3c-452f-99c7-6124dd4cc054,cooked.tickets,available,359.99,488.88,high,low,6,namesilo,,,23/09/2026 22:56
27bc4b2d-a783-4ef8-b2bf-2a268587e00c,morning.tickets,available,629.99,749.99,high,low,7,godaddy,,,28/09/2026 01:56
5c9a351b-46cc-4448-8d46-7287483e868d,snoek.tickets,available,359.99,488.88,medium,low,5,namesilo,,,22/09/2026 07:53
cf70ae17-d7a4-4653-8703-3822f526f629,kenneth.tickets,available,393.98,608.98,high,low,7,namecheap,,,25/09/2026 19:13
2127c466-a485-4410-98bc-1eb3f7bf19be,many.tickets,available,359.99,488.88,high,low,4,namesilo,,,25/09/2026 16:43
b51ee403-a9fb-44c4-9f50-30ed44c1da5b,interviewee.tickets,available,359.99,389.99,medium,low,11,namesilo,,,
25c0d166-5577-4ad5-9a69-6f3595751507,devotions.tickets,available,393.98,608.98,medium,low,9,namecheap,,,20/09/2026 02:07
1a0e4e19-b9e9-4c66-8a3f-c662cb6192d4,mcgill.tickets,available,393.98,608.98,high,low,6,namecheap,,,25/09/2026 15:23
cb231951-def2-47bf-aa58-281264b7df02,tapering.tickets,available,359.99,389.99,medium,low,8,namesilo,,,14/08/2026 21:50
684f384a-0289-436a-8800-6fb3e92f03da,worldly.tickets,available,359.99,389.99,high,low,7,namesilo,,,10/08/2026 13:20
4bbef03a-deb3-4be3-b70d-fcf5069bef79,roofless.tickets,available,359.99,389.99,medium,low,8,namesilo,,,14/08/2026 12:09
f777e4c8-735f-4c2d-90dd-3b20c6221751,anile.tickets,available,359.99,389.99,medium,low,5,namesilo,,,
b5e6314f-df16-400b-85ae-ecb41c77c1c8,acetamide.tickets,available,359.99,488.88,medium,low,9,namesilo,,,16/09/2026 23:49
b8d64952-442b-404c-a3a6-534474b85091,gabby.tickets,available,359.99,389.99,high,low,5,namesilo,,,12/08/2026 03:18
f9154336-f0cc-4bd6-80e3-c27353eaf4c2,sensually.tickets,available,359.99,488.88,medium,low,9,namesilo,,,16/09/2026 00:58
55bc8924-bbed-4e1b-82a0-668f2963b902,djia.tickets,available,359.99,389.99,medium,low,4,namesilo,,,
d334206b-992d-4618-970d-2641fb21c812,hero.tickets,available,399.99,,high,medium,4,name.com,,,
14af9dc9-7293-404e-aec6-af1d6d7ca481,outfit.tickets,available,326.21,388.33,high,low,6,spaceship,,,27/09/2026 13:44
0a40236a-1ec7-4679-a67a-757bdb87487d,observe.tickets,available,393.98,608.98,high,low,7,namecheap,,,25/09/2026 23:53
f38ab114-abf3-4c65-993d-d9c54fc2ee14,bipartisan.tickets,available,393.98,568,high,low,10,namecheap,,,10/08/2026 04:32
ace62d71-b803-4208-ac63-ae675964f251,materially.tickets,available,359.99,488.88,medium,low,10,namesilo,,,15/09/2026 13:37
4cebd348-4f2c-4255-aff2-793927d33971,fluorine.tickets,available,359.99,488.88,medium,low,8,namesilo,,,21/09/2026 00:03
6c309620-2921-4f7c-b988-d59d509c741d,tyrannical.tickets,available,359.99,389.99,medium,low,10,namesilo,,,07/08/2026 19:12
f5d2ddd4-3853-42ea-8911-e150f681925b,digression.tickets,available,359.99,488.88,medium,low,10,namesilo,,,24/09/2026 22:18
ab9c92d4-0c61-4c4c-b5d2-96a57425f160,aftermath.tickets,available,359.99,488.88,high,low,9,namesilo,,,17/09/2026 15:43
cf15c91d-b735-4bfb-951b-25bd17a5de08,dissociate.tickets,available,359.99,389.99,medium,low,10,namesilo,,,14/08/2026 11:11
234f163f-5d3c-4f1e-b3e1-6cde1210f0d1,similarly.tickets,available,399.99,,medium,low,9,name.com,,,
d2100b3b-cf8a-4acf-afb4-ede6d5665885,oodles.tickets,available,359.99,488.88,high,low,6,namesilo,,,14/09/2026 23:32
03ffefce-c42d-4d34-bea7-fd7d41818b27,mesozoic.tickets,available,393.98,568,medium,low,8,namecheap,,,24/08/2026 21:21
7a2a15f7-1403-4f2e-a7b0-b8102dd8e796,ironed.tickets,available,359.99,389.99,medium,low,6,namesilo,,,22/08/2026 10:04
1f1cb1f0-1c4f-49cf-8282-835ace810446,edited.tickets,available,359.99,389.99,high,low,6,namesilo,,,15/08/2026 11:05
6cecbb4e-78fa-4617-8952-64765ece762f,snakebird.tickets,available,359.99,488.88,medium,low,9,namesilo,,,19/09/2026 08:17
2a1d8675-724e-4acf-ba96-ffe90f7f342c,callable.tickets,available,359.99,389.99,medium,low,8,namesilo,,,11/08/2026 14:26
4a91e02a-4aaf-4fb7-9334-8c39914dc9b2,congrats.tickets,available,359.99,389.99,high,low,8,namesilo,,,
15ef70af-e6c5-4e25-bb94-732ae65b6636,rested.tickets,available,393.98,608.98,high,low,6,namecheap,,,27/09/2026 12:50
fa771ec4-d353-490a-8f4c-01a135e3471a,gray.tickets,premium,1995,1995,high,low,4,namesilo,,,24/09/2026 22:57
3bc5af72-a474-4108-bb64-baad591d0c90,imprisoned.tickets,available,393.98,568,medium,low,10,namecheap,,,11/08/2026 18:22
1fb9342b-b653-4721-b156-89ea81e9f11c,packed.tickets,available,359.99,488.88,high,low,6,namesilo,,,25/09/2026 11:42
f35069ac-5108-49b1-bb67-51ee97e8c618,apologise.tickets,available,359.99,389.99,high,low,9,namesilo,,,
3784934c-5cd6-47da-920b-23c0d5dc1ba1,bounder.tickets,available,359.99,488.88,medium,low,7,namesilo,,,24/09/2026 02:20
8ed89600-dd72-4f5e-9f8a-ab711f0c562d,flossy.tickets,available,359.99,389.99,medium,low,6,namesilo,,,14/08/2026 17:44
c457f2dd-60da-4cae-9ea7-77d65ba58e8f,heterodyne.tickets,available,359.99,389.99,medium,low,10,namesilo,,,21/08/2026 07:29
29530179-0ac8-4908-aad3-018960f1a361,anomie.tickets,available,393.98,608.98,medium,low,6,namecheap,,,19/09/2026 11:29
2be74f22-8c77-4b4f-ba81-068471d069c6,polemical.tickets,available,359.99,488.88,medium,low,9,namesilo,,,08/09/2026 22:53
607d2381-3ae5-4e49-aaaa-a1a4cd76671c,bise.tickets,available,393.98,608.98,medium,low,4,namecheap,,,23/09/2026 21:37
0a716abd-4427-483f-93c7-b11c620b6651,boxlike.tickets,available,359.99,389.99,medium,low,7,namesilo,,,10/08/2026 23:56
6496044b-ff0e-461f-87ef-44a4af76ee7b,media.tickets,available,359.99,389.99,high,medium,5,namesilo,,,
ddbbb6cb-1359-4f3f-b539-96bb310cea3b,olfactory.tickets,available,359.99,488.88,high,low,9,namesilo,,,04/09/2026 02:12
d301c700-0f87-4e99-8cf1-3e846a9440db,device.tickets,available,359.99,488.88,high,low,6,namesilo,,,25/09/2026 03:49
ac7676a8-dac5-46bd-8459-0dfa06707fb7,armour.tickets,premium,1995,1995,medium,low,6,namesilo,,,20/09/2026 07:22
c80ec865-1c46-488d-91a6-5fb07843471c,sextet.tickets,available,359.99,389.99,medium,low,6,namesilo,,,
2c731512-e12d-475c-a62b-1203de488658,insisted.tickets,available,359.99,488.88,medium,low,8,namesilo,,,27/09/2026 23:35
9536a462-1679-4d47-bb59-67ee7ae89e4c,israelites.tickets,available,401.47,401.47,high,low,10,dynadot,,,27/09/2026 13:59
c28beb65-60d6-4d67-a628-5fb493e356f0,grinning.tickets,available,359.99,488.88,high,low,8,namesilo,,,27/09/2026 23:14
e546be99-b93c-4ad5-9923-0b84fcbf347a,conduct.tickets,available,359.99,488.88,high,low,7,namesilo,,,23/09/2026 03:13
6206c7a6-215f-4d71-a6bb-cad3bef29cc6,pernickety.tickets,available,393.98,608.98,medium,low,10,namecheap,,,08/09/2026 17:52
b6aaf489-d767-4e4e-9130-626579e0e7a7,currawong.tickets,available,359.99,488.88,medium,low,9,namesilo,,,23/09/2026 05:33
659dd1b4-7e7f-4704-a24d-4094bfc1045f,aram.tickets,available,359.99,488.88,high,low,4,namesilo,,,19/09/2026 23:55
08411a80-abb2-4b42-9a94-7fe76b719e8f,personal.tickets,available,359.99,488.88,high,low,8,namesilo,,,25/09/2026 04:57
f4253865-a057-43fe-b8c3-988e44a5f50a,illuminate.tickets,available,359.99,389.99,high,low,10,namesilo,,,23/08/2026 02:47
6c63a6ed-4460-4e47-914d-da0316eb387d,mohammedan.tickets,available,359.99,389.99,medium,low,10,namesilo,,,25/08/2026 03:23
5b07332d-40b3-4a02-aead-7a30c0ab32a9,tasselled.tickets,available,359.99,488.88,medium,low,9,namesilo,,,11/09/2026 08:58
f3de9c2b-b09e-40d8-850e-720690181adc,fain.tickets,available,359.99,389.99,medium,low,4,namesilo,,,14/08/2026 12:05
6d2d7e5e-3768-4c42-85e8-994321d5ad9c,exclusively.tickets,available,359.99,389.99,medium,low,11,namesilo,,,
cac94e23-8d12-4c01-b8d9-5e5cb202751c,looking.tickets,available,359.99,488.88,high,low,7,namesilo,,,25/09/2026 14:19
a2701f48-fbba-45f4-b10e-4f77662b1d34,prefab.tickets,available,359.99,488.88,high,medium,6,namesilo,,,09/09/2026 01:33
a469733b-af3f-4b1f-99fb-6328236507ed,gilding.tickets,available,359.99,389.99,high,low,7,namesilo,,,18/08/2026 23:37
57dbe6d0-c50a-43a4-968d-6386a92a5bf7,chirpy.tickets,available,359.99,389.99,high,low,6,namesilo,,,12/08/2026 06:03
2117b511-93ee-41ae-800f-3267509b70f4,sober.tickets,available,393.98,568,high,low,5,namecheap,,,20/08/2026 18:42
aba5a27e-bac6-470b-8789-72fc2a27ba61,sewed.tickets,available,359.99,488.88,medium,low,5,namesilo,,,10/09/2026 05:05
e2507184-55b5-4aaf-8832-fea1cafea105,vaughn.tickets,available,359.99,488.88,high,low,6,namesilo,,,27/09/2026 11:16
ad43c393-ea9e-4be2-afbe-6db5bac50af9,desires.tickets,available,359.99,488.88,high,low,7,namesilo,,,17/09/2026 08:40
69a82179-2f03-4a88-99e3-1f8d4a68b617,business.tickets,available,393.98,608.98,high,medium,8,namecheap,,,27/09/2026 01:37
6bdd3ac8-5c31-4797-ac99-d552ceca97cb,picaresque.tickets,available,393.98,608.98,high,medium,10,namecheap,,,08/09/2026 19:30
f2f67e11-beb2-4897-9d15-afb72e9b79c6,schweitzer.tickets,available,359.99,488.88,high,low,10,namesilo,,,18/09/2026 02:40
974a2859-cddf-42bb-9bfa-d644987db3ba,colorize.tickets,available,359.99,389.99,medium,low,8,namesilo,,,12/08/2026 17:34
8e77e34c-364d-4883-96ff-090bb51809c1,lois.tickets,available,393.98,608.98,medium,low,4,namecheap,,,25/09/2026 15:30
8591ec76-f708-493c-9a94-8c67206d8881,speed.tickets,available,359.99,488.88,high,medium,5,namesilo,,,25/09/2026 06:43
8cb9b120-3f5f-40e4-b963-776e2999d7b0,enactment.tickets,available,669.99,669.99,medium,low,9,name.com,,,17/09/2026 04:06
d048c58b-fcba-4c4d-8131-69f6f9a5d8bc,sliding.tickets,available,359.99,488.88,high,low,7,namesilo,,,27/09/2026 22:47
af69dd82-44cd-4f60-9477-b11eac0c72d5,biaxal.tickets,available,359.99,389.99,medium,low,6,namesilo,,,09/08/2026 18:46
b4a4096e-c384-4e35-8f20-c83bed092988,helpfully.tickets,available,359.99,488.88,medium,low,9,namesilo,,,15/09/2026 00:07
a2b74a98-a0ab-4bad-9ee5-763309f6e1de,bathrobe.tickets,available,359.99,488.88,high,low,8,namesilo,,,22/09/2026 13:50
07a9440c-8e5f-4a1b-86d6-52515625d843,quivering.tickets,available,393.98,608.98,medium,low,9,namecheap,,,11/09/2026 19:15
13254fb6-23b6-497f-a081-1aa4605ff631,enclosed.tickets,available,359.99,389.99,high,low,8,namesilo,,,16/08/2026 22:21
ffe84b05-4183-4ece-9068-6ff9240b840b,nocturnal.tickets,available,393.98,608.98,high,low,9,namecheap,,,03/09/2026 18:04
e0e4c9d2-83a3-4bbc-90c8-1c9ee8dfd36a,happily.tickets,available,359.99,389.99,high,low,7,namesilo,,,
99305799-69e1-4e90-9a26-6e8d7e50b190,banked.tickets,available,359.99,389.99,medium,low,6,namesilo,,,
993ce703-89a4-452d-91e3-6c50911eef38,artificial.tickets,available,669.99,669.99,high,low,10,name.com,,,22/09/2026 08:57
d9bd427f-5ec5-4d64-98f3-760ee4a25fcc,barometer.tickets,available,359.99,488.88,high,low,9,namesilo,,,22/09/2026 07:00
dcd911de-26ab-4abb-9f01-4a6e56d9a06d,ernie.tickets,available,393.98,608.98,high,low,5,namecheap,,,27/09/2026 07:15
4444b71f-1892-4cc3-973a-72fc5073fbe7,bitters.tickets,available,359.99,488.88,medium,low,7,namesilo,,,23/09/2026 23:09
785ccd50-8c80-4723-801c-2ad90b8ace88,hydrogen.tickets,available,359.99,488.88,high,low,8,namesilo,,,20/09/2026 21:53
75162dff-f0d7-4f4e-a01c-b35a25ab3896,women.tickets,available,359.99,389.99,high,low,5,namesilo,,,
7a7fbf0f-9e7d-4dae-ac23-adcbced20699,mixologist.tickets,available,359.99,488.88,medium,low,10,namesilo,,,22/09/2026 06:27
9fedce20-6d9d-4acc-ba39-acae470fdc01,spinoza.tickets,available,359.99,488.88,high,low,7,namesilo,,,22/09/2026 09:34
79a6592c-5ab5-4742-aede-5a81466f34c7,magician.tickets,available,393.98,608.98,high,low,8,namecheap,,,24/09/2026 17:20
969feb36-5fe0-48d6-860b-c7561a931acd,bargello.tickets,available,359.99,488.88,medium,low,8,namesilo,,,22/09/2026 05:48
015438ed-6339-44d7-93a3-8fec43889218,marble.tickets,available,399.99,,high,low,6,name.com,,,
6276c474-bf46-477a-b2f3-fe68b9601c30,learn.tickets,premium,1875,,high,medium,5,name.com,,,
32746bba-8f0d-4504-a405-78c27d7acf53,dizzily.tickets,available,359.99,488.88,medium,low,7,namesilo,,,14/09/2026 13:29
73abfdd4-09bc-4677-b13f-1a91b1bf17e4,kechua.tickets,available,359.99,389.99,medium,low,6,namesilo,,,22/08/2026 15:23
269eed43-8939-414a-bf7c-b293d912d61d,darned.tickets,available,359.99,389.99,medium,low,6,namesilo,,,10/08/2026 12:41
067e0bea-5270-4354-b5db-db532430955c,licentious.tickets,available,359.99,389.99,medium,low,10,namesilo,,,23/08/2026 00:56
46532e82-ec46-4528-9be8-e8a224635a13,category.tickets,available,359.99,488.88,high,low,8,namesilo,,,24/09/2026 13:09
266c8a20-eb5e-4a62-a875-bc218ba5812d,doughnut.tickets,available,359.99,389.99,high,low,8,namesilo,,,
f527eb0a-7bb0-4f6c-8900-d3bc0c40f3fa,archean.tickets,available,359.99,389.99,medium,low,7,namesilo,,,06/08/2026 15:05
d50b84c6-83cc-4943-abcd-2a011572d9e9,anyone.tickets,available,399.99,,medium,low,6,name.com,,,
0da940eb-6144-48be-83fb-6055840b159a,pneumatic.tickets,available,359.99,488.88,high,low,9,namesilo,,,08/09/2026 22:06
bda269b2-8ce5-4ae7-85d0-d77d6d46ffa8,donnelly.tickets,available,326.21,388.33,medium,low,8,spaceship,,,27/09/2026 20:53
df5eed2e-1922-41fb-8b36-edafc6548e6b,sweetener.tickets,available,359.99,488.88,high,low,9,namesilo,,,21/09/2026 19:45
813aa55b-f792-4845-b3d2-918e9a7bea6a,splattered.tickets,available,399.99,664.99,medium,low,10,name.com,,,13/08/2026 15:21
2a1a9c5c-c199-4e50-93c7-07949b954144,preserved.tickets,available,359.99,488.88,high,low,9,namesilo,,,27/09/2026 05:50
1bff2425-f526-4a98-a061-cffacba46795,sunrise.tickets,available,629.99,749.99,high,low,7,godaddy,,,28/09/2026 01:57
4926c361-d526-49c1-88a0-a91e6b7dc323,biddy.tickets,available,393.98,608.98,medium,low,5,namecheap,,,23/09/2026 13:45
600c9e6b-dd28-4bf0-96d4-8e0bfc7be1ad,imitative.tickets,available,359.99,389.99,medium,low,9,namesilo,,,13/08/2026 03:34
3b5c8ba1-721a-4f56-90fb-d000d7a7fa29,jackie.tickets,available,359.99,488.88,high,low,6,namesilo,,,25/09/2026 13:22
06907f92-22f2-46a6-abd6-40b36e6211ec,sexed.tickets,available,359.99,488.88,medium,low,5,namesilo,,,10/09/2026 05:13
3e5f4858-5eff-4b94-b3b4-199d86b0988c,ligands.tickets,available,359.99,488.88,medium,low,7,namesilo,,,28/09/2026 00:44
725e9b65-7bb2-4563-86c3-abac84dfd629,plumbing.tickets,available,359.99,488.88,high,low,8,namesilo,,,22/09/2026 13:57
f2693c51-dab6-4c7f-a06e-6ec2c5102af0,conga.tickets,available,359.99,488.88,high,low,5,namesilo,,,24/09/2026 17:17
7c546939-1ca0-46b0-91b1-cf16e4c7486f,fully.tickets,available,393.98,568,high,low,5,namecheap,,,18/08/2026 17:52
7c1c8b41-0e7b-402b-ac3b-a28723e3072e,unforced.tickets,available,359.99,488.88,medium,low,8,namesilo,,,12/09/2026 05:40
dfe2cec4-65b3-4fee-bf24-2adbd7d20afa,reflects.tickets,available,393.98,608.98,medium,low,8,namecheap,,,17/09/2026 15:27
727dbe0e-a17c-4260-93f5-802f1a9cbc4d,pin.tickets,available,399.99,,high,low,3,name.com,,,
b786c051-2f17-43ab-855a-e36e5a9596a2,donuts.tickets,premium,1950,1950,high,medium,6,namecheap,,,18/09/2026 14:27
3516d088-94d3-47a7-ab31-e9076e6b303d,accrual.tickets,available,359.99,488.88,high,low,7,namesilo,,,16/09/2026 23:14
e382a27c-866e-4c41-bbda-a52bd829191f,trading.tickets,available,359.99,389.99,high,low,7,namesilo,,,
52ace63a-2905-4c6d-941d-873ef55199c9,stainless.tickets,available,393.98,608.98,high,low,9,namecheap,,,10/09/2026 18:15
fc9610ee-46d1-4ef1-9613-7c75ad300249,wings.tickets,available,359.99,488.88,high,low,5,namesilo,,,25/09/2026 11:03
1e0c09d9-9438-4b29-9887-320efc86e559,duncan.tickets,available,359.99,488.88,high,low,6,namesilo,,,25/09/2026 05:02
196a5b47-7f51-4b44-8630-2f72a9282177,mutant.tickets,available,359.99,488.88,high,low,6,namesilo,,,03/09/2026 11:39
4936ecd7-dcf1-4cee-8d46-4352e1a64f66,colourise.tickets,available,359.99,389.99,medium,low,9,namesilo,,,12/08/2026 17:38
36452ff7-6c99-46e8-8fe0-c8e32fa09a56,almoner.tickets,available,359.99,488.88,medium,low,7,namesilo,,,18/09/2026 12:40
c7d5b62d-b0ae-4dc3-a0d1-79bdcbe40410,ruffled.tickets,available,359.99,389.99,medium,low,7,namesilo,,,18/08/2026 15:53
2c671411-6f1a-4722-9e18-28ce931fa18b,newsfeed.tickets,available,359.99,488.88,low,low,9,namesilo,,,17/09/2026 05:41
361cd062-55a8-47eb-9bf9-800878dd05a2,boyfriend.tickets,available,359.99,488.88,high,low,9,namesilo,,,22/09/2026 21:55
218acbb3-eda0-44b2-8ea2-a3908e28375a,irwin.tickets,available,393.98,608.98,medium,low,5,namecheap,,,25/09/2026 20:02
e8c13df7-e3f4-4fef-9714-5c09019fe802,unfilmed.tickets,available,359.99,488.88,medium,low,8,namesilo,,,12/09/2026 10:14
520cbba5-e85a-4b84-8a31-38afee3b8f68,become.tickets,available,359.99,389.99,high,low,6,namesilo,,,
4cbda7c2-6607-463e-ba60-554ffea9544d,reductive.tickets,available,359.99,488.88,high,medium,9,namesilo,,,09/09/2026 12:25
a25c60d5-db4d-4acf-b4c8-0662ec61eca5,dafla.tickets,available,359.99,488.88,medium,low,5,namesilo,,,16/09/2026 16:37
a6a2a0c7-6231-4d93-a902-97ac616f8674,vacantly.tickets,available,359.99,488.88,low,low,8,namesilo,,,16/09/2026 10:32
a683006b-27df-4876-a477-cbb746ff51b0,tricky.tickets,available,393.98,568,high,low,6,namecheap,,,11/08/2026 21:23
184a5b7c-3c01-47ca-8b14-76a9257d5b5a,downstage.tickets,available,393.98,568,high,low,9,namecheap,,,14/08/2026 17:53
8c109137-7a89-4a8b-9b19-5306cb656b6a,successful.tickets,available,359.99,488.88,high,low,10,namesilo,,,28/09/2026 01:49
c62a8ea8-04d2-4d18-b747-ba559cc619e6,lapsed.tickets,available,359.99,389.99,medium,low,6,namesilo,,,22/08/2026 19:47
bd200fe0-e15e-4211-9cc3-424605de3860,bigram.tickets,available,359.99,488.88,medium,low,6,namesilo,,,23/09/2026 15:24
7ccf811a-aafd-424b-81cb-9921e71577c4,recoil.tickets,available,393.98,608.98,high,low,6,namecheap,,,21/09/2026 15:32
cbd712f9-5f9d-42e9-8967-6ab05d9c5154,eyesight.tickets,available,359.99,389.99,high,low,9,namesilo,,,
73aa6b12-a76e-4b0f-b13e-38d5d7cfce0a,slave.tickets,available,359.99,389.99,high,low,5,namesilo,,,
89c5e7e3-472f-4793-aec8-7e635c6f7605,nosed.tickets,available,393.98,608.98,medium,low,5,namecheap,,,03/09/2026 21:45
12f1fd92-8216-4c10-929a-52609aa55794,beethoven.tickets,available,359.99,488.88,high,low,9,namesilo,,,23/09/2026 01:53
8bbbce44-d8f8-4465-b98b-0348da152071,alpenstock.tickets,available,359.99,488.88,medium,low,10,namesilo,,,18/09/2026 13:32
b2d2632e-aea7-44e9-98ea-a0fe70ad3fd7,alexander.tickets,available,359.99,389.99,high,low,9,namesilo,,,
0d462886-1d77-4ff6-aafa-d18502ee5116,ramsons.tickets,available,359.99,488.88,medium,low,7,namesilo,,,18/09/2026 11:34
9eb40b39-a497-4bd7-af0f-455a81d2da75,evidence.tickets,available,359.99,389.99,high,low,8,namesilo,,,24/08/2026 15:05
e69e1096-5a11-49b0-b63a-03d1d8fd06e4,cxxxv.tickets,available,359.99,389.99,medium,low,5,namesilo,,,
836c74de-9a91-4146-b6d0-ffd6ae50a37a,bryant.tickets,available,359.99,488.88,high,low,6,namesilo,,,25/09/2026 17:45
83774a09-926c-4a4b-97e1-9ffac36ed63b,brady.tickets,available,359.99,488.88,high,low,5,namesilo,,,25/09/2026 02:15
bcb0e1e3-5733-41b9-831f-379b8f53e484,naive.tickets,available,359.99,488.88,high,low,5,namesilo,,,03/09/2026 12:50
939a0b3b-3525-4f7a-a311-b180d32555ec,manky.tickets,available,359.99,389.99,medium,low,5,namesilo,,,24/08/2026 15:12
023735ec-f0dc-4940-af63-e2f02eb14790,gidgee.tickets,available,393.98,608.98,medium,low,6,namecheap,,,16/09/2026 20:01
46f3f452-93d1-4fcf-8611-c9dea926729b,nick.tickets,available,326.21,388.33,high,medium,4,spaceship,,,28/09/2026 02:02
a335fe63-d0d6-4d3a-b11a-d77436b1bbe4,exhale.tickets,available,359.99,389.99,high,low,6,namesilo,,,
47d1ea67-4eec-4d14-8e0c-4ba72ed92279,pamphlet.tickets,available,393.98,608.98,high,low,8,namecheap,,,24/09/2026 07:11
f8c1d8fb-1488-45b9-816f-0c71598d2dae,abbot.tickets,available,393.98,608.98,medium,low,5,namecheap,,,16/09/2026 14:31
94693cb0-e83d-4c5a-8ddc-595a0d41fcb6,inexplicit.tickets,available,359.99,389.99,medium,low,10,namesilo,,,21/08/2026 22:39
2ef9eb23-b73d-4f22-94a0-ce382f917d93,angelic.tickets,available,359.99,488.88,high,low,7,namesilo,,,22/09/2026 04:25
aa27efe1-2067-42fb-b2c0-a9fcf0f98486,untrod.tickets,available,359.99,488.88,medium,low,6,namesilo,,,08/09/2026 10:33
fce42370-3dc4-43d7-a3f3-329603c6fbc2,wittingly.tickets,available,359.99,488.88,medium,low,9,namesilo,,,15/09/2026 10:32
26791fb0-d13d-467d-b8e3-f03cda8f161f,dell.tickets,premium,1995,1995,high,medium,4,namesilo,,,24/09/2026 21:44
12a6e9fa-2f49-41e2-8e40-3128d8eba9c5,graceful.tickets,available,393.98,568,high,low,8,namecheap,,,20/08/2026 17:25
1e7d3c77-3287-4f2e-8786-4a1e28da5794,smetana.tickets,available,359.99,488.88,medium,low,7,namesilo,,,22/09/2026 23:32
923a1fde-a1cf-43e4-8f11-5348e4d86323,andover.tickets,available,359.99,488.88,medium,low,7,namesilo,,,27/09/2026 18:38
e60057a2-c15d-40f8-8813-b0a607da23c0,ferine.tickets,available,359.99,389.99,medium,low,6,namesilo,,,18/08/2026 01:16
40ffe3c1-45f2-403a-b59c-413b7e901846,knocker.tickets,available,359.99,488.88,medium,low,7,namesilo,,,24/09/2026 22:02
0f349537-749b-4fd7-9f65-d48b2258e891,shrink.tickets,available,359.99,488.88,high,low,6,namesilo,,,28/09/2026 01:56
406cccb7-b1dc-4de7-b064-955642393a1b,covariant.tickets,available,359.99,389.99,medium,low,9,namesilo,,,13/08/2026 04:05
c347169c-196d-4b55-a0bd-464411ed3703,bingle.tickets,available,359.99,488.88,medium,low,6,namesilo,,,19/09/2026 16:38
427a2501-9ec7-488e-9a6a-0d58994a630d,clients.tickets,available,359.99,488.88,high,low,7,namesilo,,,28/09/2026 03:50
8470cddc-a908-4174-b64d-5182f87ee6f3,metallic.tickets,available,359.99,389.99,high,low,8,namesilo,,,24/08/2026 21:34
281704aa-87e2-4500-8604-92866e613188,atropa.tickets,available,359.99,488.88,medium,low,6,namesilo,,,21/09/2026 00:54
29686892-3c79-44c5-a60c-367b102f12f1,landlord.tickets,available,629.99,749.99,high,low,8,godaddy,,,28/09/2026 02:14
dd249fcd-787e-4eb3-99da-9c2c41545c8d,loos.tickets,available,359.99,488.88,medium,low,4,namesilo,,,17/09/2026 09:32
518faae4-4fb2-4aaf-9102-59aa002abb53,returned.tickets,available,359.99,389.99,high,low,8,namesilo,,,
dbb36eef-4643-4cef-a584-0282bf0da717,asuncion.tickets,available,393.98,608.98,high,low,8,namecheap,,,20/09/2026 18:23
6c7f65da-3068-4e93-986b-e28df36f82bb,claus.tickets,available,393.98,608.98,medium,low,5,namecheap,,,27/09/2026 02:28
fc76365f-4b0f-4455-81b9-f63637bcf987,spiritless.tickets,available,359.99,488.88,medium,low,10,namesilo,,,10/09/2026 15:54
45a4f4ef-2e2c-4d2f-9ddc-2a92bc504fc3,jazzy.tickets,available,359.99,389.99,high,low,5,namesilo,,,22/08/2026 12:35
7ed699ac-02d0-4154-8682-c7e5f94ba9de,oscine.tickets,available,393.98,608.98,medium,low,6,namecheap,,,04/09/2026 18:11
e8fbca0d-5f73-4f58-b2e4-78d277d3885d,dividable.tickets,available,359.99,389.99,medium,low,9,namesilo,,,14/08/2026 13:41
709d9ee8-83c1-4b64-9f9f-3c1967602b77,sloth.tickets,available,359.99,389.99,high,low,5,namesilo,,,
2f50ad9e-5746-4f12-bc1d-4975e9a3c03a,disapproval.tickets,available,359.99,389.99,medium,low,11,namesilo,,,
ff304643-1ec2-4423-8905-0830b2ae95a5,parabolic.tickets,available,359.99,488.88,high,medium,9,namesilo,,,05/09/2026 01:45
f8b0cfd9-cbee-4453-8230-22340eec7244,constantly.tickets,available,359.99,389.99,high,low,10,namesilo,,,
361ea098-9e44-417a-9c90-f9b073ec5768,combustive.tickets,available,359.99,389.99,low,low,10,namesilo,,,12/08/2026 18:42
49e497b1-5cd2-461f-aa8d-338e77bff31f,agential.tickets,available,359.99,389.99,medium,low,8,namesilo,,,
c014402b-9f45-4a5f-a0a0-e3fa525458aa,legs.tickets,available,359.99,389.99,high,low,4,namesilo,,,
eafd48cf-f773-40b4-9666-d7b42d952485,water.tickets,available,359.99,488.88,high,medium,5,namesilo,,,08/09/2026 13:05
591049ba-12ab-4ca1-a9b3-e48bc3a5fbd0,kestrel.tickets,available,393.98,608.98,high,low,7,namecheap,,,18/09/2026 20:14
adf6d669-361a-49bb-8ab0-44f7d469feba,globe.tickets,available,629.99,749.99,high,low,5,godaddy,,,28/09/2026 01:49
b15ff417-5300-45a0-8d17-a0e66d0afdb2,pressure.tickets,available,359.99,488.88,high,low,8,namesilo,,,24/09/2026 23:12
65ecf489-47f6-44ff-809d-618d93f24dab,naught.tickets,available,359.99,488.88,medium,low,6,namesilo,,,03/09/2026 22:40
14adc7f9-6e93-4442-bd60-c960d095268e,trees.tickets,available,359.99,389.99,high,low,5,namesilo,,,
38d9981b-4571-4b55-b177-a3f70e4b8029,assail.tickets,available,393.98,608.98,medium,low,6,namecheap,,,20/09/2026 15:49
d959e4fe-bb63-49e8-85dc-ba8a7f21557a,vincible.tickets,available,359.99,389.99,medium,low,8,namesilo,,,09/08/2026 05:42
79390d86-061c-4517-9461-7ef4d19c8dd6,formulaic.tickets,available,359.99,389.99,high,low,9,namesilo,,,18/08/2026 12:18
84f9916c-27f1-4c30-9743-2556957355fa,marguerite.tickets,available,359.99,488.88,high,low,10,namesilo,,,20/09/2026 04:58
b52276c5-8b88-4d06-a0a6-0d02f06d4190,spectra.tickets,available,393.98,608.98,high,low,7,namecheap,,,18/09/2026 20:18
c8119354-f5cc-41a7-bced-acaff619a7d4,abscess.tickets,available,359.99,488.88,medium,low,7,namesilo,,,16/09/2026 17:31
54992df9-1d1d-40ec-87ce-c7190ffacb3f,silently.tickets,available,359.99,488.88,medium,low,8,namesilo,,,15/09/2026 15:52
0560a91c-f6d8-49e5-963e-7bb9ae4a2c50,bipedal.tickets,available,359.99,389.99,high,low,7,namesilo,,,10/08/2026 05:09
8c08e969-67a3-4d49-b309-9762f8ad61b8,unimagined.tickets,available,359.99,488.88,medium,low,10,namesilo,,,12/09/2026 08:26
53a406fd-884f-4303-ae0e-6a1c803a16aa,corrugated.tickets,available,359.99,389.99,medium,low,10,namesilo,,,13/08/2026 02:13
1756373c-e9ac-4f73-93c2-49e4a6f464cd,anubis.tickets,available,393.98,608.98,medium,low,6,namecheap,,,19/09/2026 11:58
a7e43e4c-97c0-42b8-ba04-e28904185fc3,joseph.tickets,premium,1995,1995,high,low,6,namesilo,,,24/09/2026 14:32
2a170ba8-cc62-4147-b172-509463f127fe,documents.tickets,available,359.99,389.99,high,low,9,namesilo,,,
b3cc8e78-6853-4404-a84e-84f592caff1d,cary.tickets,available,393.98,608.98,high,low,4,namecheap,,,25/09/2026 12:59
fa0105c8-aaf7-4d29-b56b-a53f4ded1b03,baisa.tickets,available,393.98,608.98,medium,low,5,namecheap,,,21/09/2026 19:36
465dada6-cde0-400f-80ba-3e220a8cfc99,champs.tickets,available,359.99,488.88,medium,low,6,namesilo,,,20/09/2026 13:31
c766988b-4316-4456-88ce-50d44d8efc5c,watertight.tickets,available,359.99,389.99,high,low,10,namesilo,,,11/08/2026 08:34
ec79ffc5-9459-4085-a60a-43427dc50e41,bareback.tickets,premium,1875,1875,medium,low,8,name.com,,,08/08/2026 18:38
1abbfe3b-7325-4538-b8f1-2e6626a72346,harold.tickets,available,359.99,389.99,high,low,6,namesilo,,,
29b52152-b26c-4779-a7de-25a36681d87d,connor.tickets,available,359.99,488.88,high,low,6,namesilo,,,25/09/2026 15:29
567844f2-cbb9-4b90-98ad-27a39577a31b,caisson.tickets,available,359.99,488.88,medium,low,7,namesilo,,,18/09/2026 22:17
b6e118bd-6133-4429-917f-b3d3b3b30f03,strongly.tickets,available,359.99,389.99,high,low,8,namesilo,,,
25352643-e07a-461d-b953-2a7783c0dbae,full.tickets,available,359.99,488.88,high,low,4,namesilo,,,24/09/2026 14:07
c62d2a8d-afee-4796-8f40-3811e56e8925,hereabouts.tickets,available,359.99,488.88,medium,low,10,namesilo,,,15/09/2026 00:20
c34f5d54-2efa-484e-b0c1-eaba31dfb852,colly.tickets,available,359.99,389.99,medium,low,5,namesilo,,,14/08/2026 09:17
609ff2e5-895e-4a9d-ab1d-42331d55e50c,appro.tickets,available,359.99,488.88,medium,low,5,namesilo,,,19/09/2026 22:20
06797902-a517-45cf-bc93-7a5e72e643a8,cyprian.tickets,available,399.99,664.99,medium,low,7,name.com,,,13/08/2026 14:02
abc849d1-1fca-4fd6-83a4-99833140e153,verminous.tickets,available,359.99,488.88,medium,low,9,namesilo,,,13/09/2026 04:05
af775685-60eb-49d0-b485-8a97e28e9698,following.tickets,available,359.99,389.99,high,low,9,namesilo,,,18/08/2026 10:22
b046b2d1-a89a-4c04-add2-58f3f17676f1,bosnia.tickets,available,359.99,488.88,high,low,6,namesilo,,,25/09/2026 02:00
2c52edbf-0184-4d1b-8fdf-1814fa876513,manageable.tickets,available,359.99,488.88,high,low,10,namesilo,,,21/09/2026 15:48
e6079b10-1ded-446b-8222-b10a24d8f1f0,cucumbers.tickets,available,393.98,608.98,medium,low,9,namecheap,,,20/09/2026 10:05
9ac71f9a-07f2-49ef-a470-a2556e035641,bigfoot.tickets,available,359.99,488.88,high,low,7,namesilo,,,23/09/2026 15:06
380cb8e1-da2e-4552-a453-f1717d938343,conciliate.tickets,available,359.99,389.99,high,low,10,namesilo,,,18/08/2026 22:04
b6489c6c-9d38-4854-b469-434d53fc5f57,paroxysmal.tickets,available,359.99,488.88,medium,low,10,namesilo,,,08/09/2026 01:54
7aefc4f7-fa46-46ef-8852-67e22ffb3ea3,tamil.tickets,available,359.99,488.88,high,low,5,namesilo,,,11/09/2026 07:48
691f3d62-24d8-448e-9a82-7c26e6c080d7,referable.tickets,available,359.99,389.99,medium,low,9,namesilo,,,07/08/2026 01:28
2ca1d325-1240-49e3-8b46-827a9303acdc,ring.tickets,available,359.99,389.99,high,low,4,namesilo,,,
33076b5b-56cc-425a-98e1-62358a80cda4,squall.tickets,available,399.99,,medium,low,6,name.com,,,
3c303532-1cc5-42b2-abe2-f2fcf9834b42,eternal.tickets,available,359.99,488.88,high,medium,7,namesilo,,,21/09/2026 22:47
99573003-81f8-43ce-9a20-8f216017a000,skateboarding.tickets,available,399.99,,medium,low,13,name.com,,,
f44fb2e3-fe6c-4a00-93e0-4a652817f495,crooked.tickets,available,359.99,389.99,medium,low,7,namesilo,,,13/08/2026 07:51
1c47ba23-623a-4f9f-a1d9-88c8d6f79534,shamanism.tickets,available,359.99,488.88,high,low,9,namesilo,,,20/09/2026 14:05
54ed7610-d13d-4bc0-b340-486b8914cb61,most.tickets,premium,1995,1995,high,low,4,namesilo,,,25/09/2026 21:48
315c75e6-cad0-4531-aa0f-9b1a1bc5c551,bar.tickets,available,359.99,389.99,high,low,3,namesilo,,,
0b83ab78-813a-466a-8d94-8e7253f4efdf,ios.tickets,available,326.21,388.33,high,high,3,spaceship,,,27/09/2026 20:32
b20146cf-146c-4ad5-8216-c6d2c1cc2315,disorders.tickets,available,393.98,608.98,medium,low,9,namecheap,,,20/09/2026 00:40
a9557d05-af47-403f-916c-eb0edadc023f,straining.tickets,available,359.99,488.88,medium,low,9,namesilo,,,10/09/2026 21:43
35644554-85a2-4726-9594-88937697dd24,uninviting.tickets,available,359.99,488.88,medium,low,10,namesilo,,,12/09/2026 13:39
d174b344-9a41-43c8-9d65-2a33410b005b,beanie.tickets,available,393.98,608.98,high,low,6,namecheap,,,22/09/2026 20:31
741d60d2-8636-4999-8096-156014c06c54,meshed.tickets,available,393.98,568,medium,low,6,namecheap,,,24/08/2026 20:57
ab4b2127-b869-4600-89d6-b98fe2892f7d,rhetorical.tickets,available,359.99,488.88,high,low,10,namesilo,,,09/09/2026 16:37
5d455544-b2d3-4bcb-9ead-d7658e9a4737,propranolol.tickets,available,359.99,488.88,high,low,11,namesilo,,,20/09/2026 00:29
aec3c1c6-7fca-4902-82a7-fe4553c22362,des.tickets,available,359.99,389.99,high,low,3,namesilo,,,
12d52dbe-e3f8-42d7-bbd8-b51cac589f4c,cosmogenic.tickets,available,359.99,389.99,medium,low,10,namesilo,,,13/08/2026 03:00
5d53fc48-7d10-4951-84de-a08f5d59d541,xxxvii.tickets,available,359.99,389.99,medium,low,6,namesilo,,,
744aef01-5d13-45e6-845a-85815550cc73,honegger.tickets,available,359.99,488.88,high,low,8,namesilo,,,20/09/2026 10:55
ca0cef14-a99b-4b98-a7af-fabdedd2dc57,gradually.tickets,available,359.99,488.88,high,low,9,namesilo,,,14/09/2026 22:00
61caca0f-674a-4fcd-977b-1472e16a853b,ardeb.tickets,available,393.98,608.98,medium,low,5,namecheap,,,20/09/2026 03:06
2ee8b834-7298-4548-9297-2b973b91b794,charm.tickets,available,393.98,608.98,high,low,5,namecheap,,,19/09/2026 20:23
dd027c3c-9fc4-4f4b-bd9c-68d7a4696b30,position.tickets,available,359.99,488.88,high,low,8,namesilo,,,19/09/2026 04:25
d6e40b6a-d7b3-469e-914f-dcacbe19c492,cretin.tickets,available,393.98,568,medium,low,6,namecheap,,,21/08/2026 20:26
6ad45b6c-1dde-42e1-83d4-12cc8c992b59,babar.tickets,available,359.99,488.88,high,low,5,namesilo,,,21/09/2026 12:14
f9c7b28f-151e-4cd2-80f6-7a66eea3680e,affiliates.tickets,available,359.99,488.88,high,low,10,namesilo,,,21/09/2026 06:56
ce7f908c-4781-4119-b4ef-657232c38617,assessment.tickets,available,359.99,488.88,high,low,10,namesilo,,,19/09/2026 22:08
0ece7cb3-b95e-4054-8c66-e22768708f24,bighearted.tickets,available,359.99,389.99,high,low,10,namesilo,,,09/08/2026 20:48
743faac5-0802-4db1-8bac-6bef996b7ada,flame.tickets,available,393.98,608.98,high,low,5,namecheap,,,24/09/2026 19:16
7bac8750-2922-40fa-ae17-2b64e9a3d44a,uncommon.tickets,premium,1950,1950,high,low,8,namecheap,,,12/09/2026 05:57
1ef1e752-d854-457f-9981-397577e85249,proscribed.tickets,available,359.99,389.99,medium,low,10,namesilo,,,18/08/2026 11:01
0cb39d29-100c-48db-8bb5-a72c9c792390,arenga.tickets,available,393.98,608.98,medium,low,6,namecheap,,,20/09/2026 03:43
e8ce0477-dedd-4d17-9ba8-04868295564e,lithic.tickets,available,359.99,389.99,medium,low,6,namesilo,,,24/08/2026 07:28
8ed442ca-4cd7-4062-816f-a11296092880,stupid.tickets,available,629.99,749.99,high,low,6,godaddy,,,28/09/2026 01:43
dc54dc41-f31f-4bc2-98b3-a949fd33c294,ferric.tickets,available,359.99,389.99,medium,low,6,namesilo,,,18/08/2026 02:07
7d6ad0e1-ce44-4903-833e-5e206a92347d,senile.tickets,available,359.99,389.99,medium,low,6,namesilo,,,14/08/2026 14:36
016c42ed-cb58-40fe-a5c0-c6090f2fac4e,untitled.tickets,available,359.99,488.88,high,low,8,namesilo,,,12/09/2026 11:12
d16510dd-dc2c-46c6-9278-20a24fc804b2,surfbird.tickets,available,393.98,608.98,medium,low,8,namecheap,,,19/09/2026 17:13
ac11ce34-58b3-492d-b048-47e32d4df4ff,drizzly.tickets,available,393.98,568,medium,low,7,namecheap,,,14/08/2026 19:32
9289e911-ac8c-4149-a940-4fe7b3196841,unadvised.tickets,available,359.99,389.99,medium,low,9,namesilo,,,21/08/2026 18:49
14c1c192-8b02-45c7-9299-b92924fc4eed,swarthy.tickets,available,359.99,488.88,medium,low,7,namesilo,,,11/09/2026 05:25
9184f78e-e6c3-4d8c-9125-ae734975e782,grantee.tickets,available,359.99,488.88,medium,low,7,namesilo,,,18/09/2026 07:39
6ec4dd50-88a7-41b2-b3bf-09c423b1cbc2,jerking.tickets,available,359.99,389.99,medium,low,7,namesilo,,,06/08/2026 21:58
5df1d112-371c-4bf0-8c8b-1cc3a288a477,restive.tickets,available,359.99,389.99,medium,low,7,namesilo,,,15/08/2026 09:28
42fcdf0b-1b8e-4acd-9468-d9bbc45cd2d1,strategic.tickets,available,359.99,488.88,high,low,9,namesilo,,,28/09/2026 01:36
2af8a4ad-8f65-44ad-9d27-4cf8bd1d5e40,contrasting.tickets,available,359.99,389.99,high,low,11,namesilo,,,
eacb0b2b-c0ed-4558-ad93-23b0af48aab3,naseby.tickets,available,359.99,488.88,medium,low,6,namesilo,,,22/09/2026 15:31
1546c44a-091b-439f-94f0-1a832406ee40,cattleman.tickets,available,359.99,488.88,high,low,9,namesilo,,,23/09/2026 00:40
86f28d33-adc8-42db-bfcd-6607bd8c90c5,ingenuity.tickets,available,393.98,608.98,high,low,9,namecheap,,,24/09/2026 15:35
da00067d-edaa-445b-ba7b-84f92f01a157,dorchester.tickets,available,393.98,608.98,medium,low,10,namecheap,,,27/09/2026 07:30
d9ff6989-166c-4ef9-bad4-e7a67e512469,unsaid.tickets,available,359.99,488.88,medium,low,6,namesilo,,,12/09/2026 09:43
310f20d3-a203-4945-b54a-0b64ebf5477a,truncate.tickets,available,359.99,488.88,high,low,8,namesilo,,,11/09/2026 20:40
da833ab4-fe0b-4c89-9b5f-5eddc00af32d,indian.tickets,available,359.99,488.88,high,low,6,namesilo,,,22/09/2026 04:13
9eacec3f-808f-4e66-9feb-e3b4cee891f7,minute.tickets,available,359.99,488.88,high,low,6,namesilo,,,25/09/2026 09:28
e7ef39c0-9ce9-4b43-81b4-0476747b52f9,saviour.tickets,available,359.99,488.88,high,low,7,namesilo,,,24/09/2026 14:50
81acb55a-26ad-4b5d-a897-f27690f55529,orphan.tickets,available,359.99,389.99,high,low,6,namesilo,,,
84ba23c7-ccd7-453f-b654-a9d9e1fb2781,keyed.tickets,available,359.99,389.99,high,low,5,namesilo,,,22/08/2026 15:42
955a3ab2-644e-404c-a8aa-087edec474db,blether.tickets,available,359.99,488.88,medium,low,7,namesilo,,,24/09/2026 04:49
c3725122-1fda-4d34-ab4d-f0e0a8ce1651,ship.tickets,available,359.99,389.99,high,low,4,namesilo,,,
62b897e7-d7a1-419a-a7c1-9456c51bba82,bjs.tickets,available,359.99,488.88,medium,low,3,namesilo,,,23/09/2026 23:25
43dd0819-a92c-455f-be55-a3f4e8312d7e,dependance.tickets,available,359.99,488.88,medium,low,10,namesilo,,,17/09/2026 06:55
430ceb8b-bb86-49ad-985d-9e231579a2b8,tipped.tickets,available,359.99,389.99,high,low,6,namesilo,,,07/08/2026 13:33
b5038f09-c18f-477b-9976-f4e6f9334580,spend.tickets,available,359.99,389.99,high,low,5,namesilo,,,
1c1549d7-1a23-4e0b-a218-35ac5c9a16ff,topology.tickets,available,359.99,488.88,high,low,8,namesilo,,,19/09/2026 01:59
08ac1781-3c40-45ea-9519-20f3ae04a1ae,velar.tickets,available,359.99,488.88,medium,low,5,namesilo,,,13/09/2026 01:59
ceda3d12-34d7-48ae-9a3c-525ca062dea1,samba.tickets,available,359.99,488.88,high,low,5,namesilo,,,20/09/2026 04:00
06c99b5d-d9a4-4c49-b920-9e97a6013099,erroneous.tickets,available,359.99,389.99,medium,low,9,namesilo,,,17/08/2026 12:56
cda0b0d4-43f6-42a9-b4d9-0dfa17167a46,vascular.tickets,available,359.99,488.88,medium,low,8,namesilo,,,13/09/2026 01:33
7e0d296e-41f5-4573-a525-921e38b10d4a,sheltered.tickets,available,359.99,488.88,high,medium,9,namesilo,,,10/09/2026 06:27
c829e055-be65-4c5b-89eb-92e933b3b2c3,boreas.tickets,available,359.99,488.88,medium,low,6,namesilo,,,03/09/2026 21:36
dc90a45c-dc46-4858-a498-a207899e01ad,briton.tickets,available,359.99,389.99,high,low,6,namesilo,,,11/08/2026 04:48
e5d810cd-1296-43b7-8598-bd71464475d2,skew.tickets,available,359.99,488.88,high,low,4,namesilo,,,10/09/2026 09:26
4ea994ad-605b-46c0-9d82-d2936534286b,esoteric.tickets,available,359.99,389.99,high,low,8,namesilo,,,17/08/2026 13:17
083a912b-59a1-4d94-a63d-c10304899193,bivouac.tickets,available,359.99,389.99,medium,low,7,namesilo,,,11/08/2026 15:54
fdfe06e4-08c8-4f42-a42f-5ba5643a46fe,wryly.tickets,available,359.99,488.88,medium,low,5,namesilo,,,16/09/2026 11:46
88e97742-31d0-43a3-b6a9-0d3e3fe8e1ce,hoops.tickets,available,359.99,389.99,high,low,5,namesilo,,,
ef2c8de6-ecce-40ec-9682-52ec4ca3152b,coffeeberry.tickets,available,359.99,389.99,high,low,12,namesilo,,,
7c5734fb-584b-4cc7-a29c-f65eb850d8d8,rampageous.tickets,available,359.99,488.88,high,medium,10,namesilo,,,09/09/2026 10:10
c6ce6239-aa3f-4f21-ae19-6300412e3207,bespoke.tickets,available,359.99,389.99,high,low,7,namesilo,,,09/08/2026 17:25
a93e6e2e-5b78-4b58-bfbe-8af78a041bd3,overwhelmed.tickets,available,359.99,389.99,medium,low,11,namesilo,,,
21abc61d-2545-48f2-b25a-cf5cb6aba56f,duane.tickets,available,326.21,388.33,medium,low,5,spaceship,,,27/09/2026 19:56
764df81b-ca39-4118-8d21-512cf3db21e9,vatic.tickets,available,359.99,389.99,low,low,5,namesilo,,,14/08/2026 13:52
b59535fe-6345-447f-ba7e-fdefecbd4836,asimov.tickets,available,359.99,488.88,high,low,6,namesilo,,,20/09/2026 14:15
33a3ba5f-6ce4-48c2-b47d-2418bd39dc75,elongated.tickets,available,359.99,389.99,medium,low,9,namesilo,,,16/08/2026 05:26
a1ec1c4b-afbc-4707-9f67-5bc116e7e0e5,runyon.tickets,available,359.99,488.88,medium,low,6,namesilo,,,18/09/2026 06:27
0966748c-709c-4f62-bec6-e6f578528843,twopenny.tickets,available,359.99,488.88,medium,low,8,namesilo,,,10/09/2026 09:10
475ecc70-02dc-4663-b3eb-434891f18f40,honor.tickets,available,359.99,488.88,high,low,5,namesilo,,,23/09/2026 22:47
1de02233-c060-4e13-ac07-c95503fd2ed4,shelvy.tickets,available,359.99,488.88,high,medium,6,namesilo,,,09/09/2026 12:30
5c97afc6-26a6-45c4-83a0-9baf52cabde7,goosebumps.tickets,available,359.99,488.88,medium,low,10,namesilo,,,19/09/2026 00:04
64b25934-dae6-40d7-a43a-debc5f16a000,vespucci.tickets,available,393.98,608.98,high,low,8,namecheap,,,18/09/2026 21:04
9af6a5df-7542-4b15-bb38-f5173bf08715,unsleeping.tickets,available,393.98,608.98,medium,low,10,namecheap,,,12/09/2026 20:02
50567be7-92df-4ce4-8617-8251c7576f17,compilation.tickets,available,359.99,389.99,high,low,11,namesilo,,,
8c0a2334-1a4a-4bb1-a983-186e34f62f36,aeneid.tickets,available,359.99,488.88,medium,low,6,namesilo,,,17/09/2026 12:28
ca147cda-275d-49a2-bac5-ff1571eb543a,painterly.tickets,available,359.99,488.88,medium,low,9,namesilo,,,04/09/2026 23:08
4ff1c8da-2d95-433f-8f07-ae655d0cd56e,bergamot.tickets,available,359.99,488.88,high,low,8,namesilo,,,23/09/2026 09:18
ac1cf7e7-4068-4a2a-b40c-43769b5ba336,one.tickets,premium,1995,1995,high,medium,3,namesilo,,,21/09/2026 10:37
5c478f6f-4460-4c50-bcb7-7df58724ce8d,arouet.tickets,available,359.99,488.88,medium,low,6,namesilo,,,20/09/2026 08:30
9eb93439-1782-4bde-a88d-c1a121e85c56,paused.tickets,available,393.98,608.98,medium,low,6,namecheap,,,18/09/2026 02:16
e681b72b-c700-4ffc-b6c8-2e9c558701bd,sensing.tickets,available,359.99,389.99,high,low,7,namesilo,,,
b8c84483-158b-4825-a05e-c5946b667883,design.tickets,available,359.99,488.88,high,medium,6,namesilo,,,24/09/2026 06:20
af2027db-ad97-4813-85e9-72215a117922,http.tickets,available,359.99,389.99,high,high,4,namesilo,,,
e5585cc3-5ca9-44ae-b8e0-d5ab7b52d6bb,recreate.tickets,available,393.98,608.98,high,low,8,namecheap,,,24/09/2026 14:10
2553f4c9-afd5-4663-8a43-a7cd2191223d,psalms.tickets,available,393.98,608.98,high,low,6,namecheap,,,24/09/2026 07:04
742bf16c-6c13-48ec-bbee-4d6ad4a2cae4,alternatives.tickets,available,393.98,608.98,medium,low,12,namecheap,,,19/09/2026 21:34
039e23b0-5b90-408d-af6a-8bca01fce569,dicks.tickets,premium,1875,,medium,low,5,name.com,,,
6f5c292c-dca7-4176-95e8-c9367142d31c,scented.tickets,available,359.99,488.88,high,low,7,namesilo,,,27/09/2026 03:39
95812f59-12eb-4674-86ca-860ab674a98f,dread.tickets,available,359.99,389.99,high,low,5,namesilo,,,14/08/2026 18:38
fcfd618c-42c8-422d-9f93-ff745a246382,fools.tickets,available,401.47,401.47,medium,low,5,dynadot,,,27/09/2026 23:44
54f6fb6c-8547-4a42-87ec-52a23b7b80fc,rarer.tickets,available,393.98,608.98,medium,low,5,namecheap,,,20/09/2026 08:12
4c8b3be1-8934-4738-98df-4ccc3ae98f62,pungent.tickets,available,393.98,568,medium,low,7,namecheap,,,
492b57d8-b59a-4e14-8f0c-58c96e070e82,salvadoran.tickets,available,393.98,608.98,high,medium,10,namecheap,,,09/09/2026 21:01
8de4ddfd-9d80-45a3-a595-17b9f0758dfb,photographers.tickets,available,359.99,488.88,medium,low,13,namesilo,,,19/09/2026 22:58
51c2c40d-e785-4619-9d86-2d7ddbb70742,memories.tickets,available,359.99,488.88,high,low,8,namesilo,,,25/09/2026 17:07
88910484-96a1-4742-a6ff-de50e7cd77ee,perceptual.tickets,available,359.99,488.88,high,low,10,namesilo,,,08/09/2026 16:15
1a15328c-d283-4517-8288-f46923aba47c,pilose.tickets,available,359.99,488.88,high,medium,6,namesilo,,,08/09/2026 19:39
dad5d13d-9e9d-487c-af9b-f7176c44dc33,hanoi.tickets,available,359.99,389.99,high,low,5,namesilo,,,
97e76261-998d-498e-9a02-2e492012cf98,curatorial.tickets,available,359.99,389.99,medium,low,10,namesilo,,,13/08/2026 11:03
65779fd7-13bd-4518-abf7-18063a58e452,tonsorial.tickets,available,359.99,488.88,medium,low,9,namesilo,,,11/09/2026 17:12
6fab7588-57a6-4082-b702-8cea31900f36,tellingly.tickets,available,359.99,488.88,medium,low,9,namesilo,,,16/09/2026 08:14
5cc16102-24cd-46fb-8b29-35111d99a20a,newsless.tickets,available,359.99,488.88,low,low,8,namesilo,,,03/09/2026 16:52
4447e7ca-085f-4cae-9f2a-96fe869db376,unloaded.tickets,available,359.99,488.88,medium,low,8,namesilo,,,12/09/2026 15:03
07682629-2015-44d2-a66e-edd208a15e83,betterment.tickets,available,393.98,608.98,high,low,10,namecheap,,,18/09/2026 18:20
ba8b3b86-c3d1-4bba-98f5-490acab41ed0,sixties.tickets,available,359.99,488.88,high,low,7,namesilo,,,16/09/2026 12:11
f2336a77-3083-43c4-ba3f-a9a7a9f88749,kempt.tickets,available,359.99,389.99,medium,low,5,namesilo,,,22/08/2026 15:32
41b24507-75d4-44ae-9280-18aa2f75a09e,linear.tickets,available,,,high,low,6,,,,
d1155afa-5726-41b9-bbc9-09748e471af0,ali.tickets,available,359.99,488.88,high,high,3,namesilo,,,18/09/2026 07:21
aa36fa55-67b7-4cf2-a239-ecc93ae7ff33,tails.tickets,available,359.99,389.99,high,low,5,namesilo,,,
0d22840f-c1a8-48f3-aba7-c5460ac7002c,menus.tickets,available,359.99,488.88,medium,low,5,namesilo,,,20/09/2026 09:20
3edbc9d9-08ee-42c7-b1ce-090ec5cc669c,taxation.tickets,available,359.99,389.99,high,low,8,namesilo,,,
756398c2-630a-473c-9067-fcc408a58fab,frore.tickets,available,359.99,389.99,low,low,5,namesilo,,,18/08/2026 16:21
d04f0f93-b012-4e72-a8c4-91d259c07e84,jarvis.tickets,available,393.98,608.98,high,medium,6,namecheap,,,27/09/2026 01:43
ad96afcb-deea-42b2-b254-ea8d773f9f13,acidity.tickets,available,359.99,488.88,medium,low,7,namesilo,,,17/09/2026 01:24
0abf9754-e5fd-4a3b-990d-2f60e89d56dd,bushwhack.tickets,available,359.99,488.88,medium,low,9,namesilo,,,18/09/2026 17:32
e536677e-2808-438c-8dc6-e16444f6708d,off.tickets,available,393.98,608.98,high,low,3,namecheap,,,22/09/2026 14:54
e2c0d750-0265-4f70-94a1-1acec0f76482,third.tickets,available,359.99,389.99,high,low,5,namesilo,,,
5424c825-28af-4217-ba3d-284b03fd8511,alphabetic.tickets,available,359.99,488.88,high,low,10,namesilo,,,22/09/2026 02:10
c460a93b-ff33-4b0c-9358-692cb47ee0ad,armory.tickets,available,359.99,488.88,high,low,6,namesilo,,,20/09/2026 07:31
85efa512-a14e-41c3-ae14-72cdd3781199,colourless.tickets,available,393.98,568,medium,low,10,namecheap,,,12/08/2026 17:55
fcbb8081-77d8-417b-afe4-183401a934cd,blackpoll.tickets,available,359.99,488.88,medium,low,9,namesilo,,,24/09/2026 02:54
5feb5791-af19-4590-8595-b2556bb56ba0,esteemed.tickets,available,359.99,389.99,high,low,8,namesilo,,,17/08/2026 13:23
391112ed-ddcc-4973-93ec-5534d76ada8a,sides.tickets,available,359.99,488.88,medium,low,5,namesilo,,,17/09/2026 23:26
f3ee4e5e-f17f-4dec-be4a-622ca7d5c314,momently.tickets,available,359.99,488.88,medium,low,8,namesilo,,,15/09/2026 15:21
e615ad3c-d8e8-4b8d-8b91-7e216e64572c,offside.tickets,available,359.99,488.88,medium,low,7,namesilo,,,04/09/2026 01:39
c5544fa6-8dfb-4cec-be05-1cb2b5376f6e,nigerian.tickets,available,359.99,488.88,high,low,8,namesilo,,,03/09/2026 17:12
57e02507-fb17-4516-afa8-808f99f6a8b0,compeer.tickets,available,359.99,389.99,high,low,7,namesilo,,,17/08/2026 11:35
e7b1629e-b6bd-4157-821a-8e02ce6fa54d,annotation.tickets,available,359.99,488.88,high,low,10,namesilo,,,19/09/2026 10:38
8adcc4cf-2a8a-4fe7-bdd5-12da52462362,promotions.tickets,available,359.99,488.88,high,low,10,namesilo,,,20/09/2026 23:27
a9b96866-2d4e-45f8-8d5b-019943b220d1,forth.tickets,available,359.99,488.88,high,low,5,namesilo,,,22/09/2026 14:59
7786208c-e931-4d9d-bb83-ea647396ed03,algal.tickets,available,359.99,389.99,medium,low,5,namesilo,,,
721e16a8-51fd-411e-aea3-7d7285831da7,catkin.tickets,available,393.98,608.98,medium,low,6,namecheap,,,18/09/2026 18:54
c8966d29-6d53-4afb-9177-f6e6e64db969,teeny.tickets,available,359.99,389.99,high,low,5,namesilo,,,10/08/2026 08:12
de0461e2-a983-488c-aad7-abf17cf7d1ad,soon.tickets,available,399.99,,high,low,4,name.com,,,
f611fc5c-4976-4c33-958b-87f252e2ed85,believer.tickets,available,359.99,488.88,high,low,8,namesilo,,,23/09/2026 05:13
c34d8a91-d269-49b3-a3da-552203ed6ca0,diocese.tickets,available,359.99,488.88,high,low,7,namesilo,,,23/09/2026 21:58
0ebf47d2-aee2-4107-b397-9dffffc7bf9b,result.tickets,available,359.99,389.99,high,low,6,namesilo,,,
a7187613-2dcf-4ca1-9471-cb9da0267070,antipode.tickets,available,393.98,608.98,medium,low,8,namecheap,,,19/09/2026 14:58
5993fd47-9836-4a22-9165-8922ef79d4c6,bemused.tickets,available,359.99,389.99,medium,low,7,namesilo,,,07/08/2026 11:47
12db4ecc-0ec9-457d-ad7b-f6c3c0b1b5a7,beaded.tickets,available,359.99,389.99,medium,low,6,namesilo,,,09/08/2026 03:18
1b7cd338-dc86-4365-a43e-a18e96561103,concise.tickets,available,393.98,608.98,high,low,7,namecheap,,,23/09/2026 19:03
4f419d6a-7107-4d64-a8d0-2d775c18d301,neotenous.tickets,available,359.99,488.88,medium,low,9,namesilo,,,03/09/2026 15:33
279cd8d8-abdf-4459-a259-3a3df94929c9,seized.tickets,available,399.99,,medium,low,6,name.com,,,
6d22ba85-dbd1-41d4-9988-4c364455b4aa,jaw.tickets,available,359.99,488.88,high,low,3,namesilo,,,27/09/2026 03:31
e4148c01-4a03-41b1-a906-4aec212e374d,recluse.tickets,available,359.99,488.88,high,low,7,namesilo,,,09/09/2026 11:38
afc543ad-fb4a-4bae-ace1-affac6211350,skinny.tickets,available,359.99,389.99,high,low,6,namesilo,,,12/08/2026 04:01
4246f20f-89c9-4713-8e92-6926497f2d4a,restrained.tickets,available,393.98,568,medium,low,10,namecheap,,,20/08/2026 20:43
92261557-b79a-4a56-9523-98bbf53c7cff,trivalent.tickets,available,393.98,608.98,medium,low,9,namecheap,,,11/09/2026 20:13
7985442f-f235-4a7c-8540-1eaab87fff05,barramundi.tickets,available,393.98,608.98,medium,low,10,namecheap,,,20/09/2026 14:04
58413515-43dd-489a-a460-b5ddadcee3bd,worthless.tickets,available,359.99,389.99,medium,low,9,namesilo,,,14/08/2026 04:07
ac33d3d1-0677-465c-9d8f-4ad808725e79,wormy.tickets,available,359.99,389.99,medium,low,5,namesilo,,,13/08/2026 06:43
6098c571-8205-4b35-a9e5-37712af3b62c,alex.tickets,available,359.99,488.88,high,medium,4,namesilo,,,25/09/2026 13:23
d85745b2-3d15-4ded-9c06-e8c759fdea7a,bagasse.tickets,available,393.98,608.98,medium,low,7,namecheap,,,21/09/2026 17:47
0219a77b-a66e-469f-919e-5e834b862dbd,halfway.tickets,available,359.99,389.99,high,low,7,namesilo,,,11/08/2026 23:56
d54f1a69-c619-498e-9f8e-b026b46943b7,alcidae.tickets,available,359.99,488.88,medium,low,7,namesilo,,,18/09/2026 04:02
3ebb5275-7c4d-4f79-b571-bac14bbf4408,rejoin.tickets,available,359.99,389.99,high,low,6,namesilo,,,
6e8c9b10-efcf-4073-9bf5-c6075d101154,pyramid.tickets,available,359.99,488.88,high,low,7,namesilo,,,08/09/2026 13:53
899e6877-a172-49d9-9592-c558c4d27247,traders.tickets,available,399.99,,high,low,7,name.com,,,
3e74ac49-388d-4932-8125-f07bcd829c3f,alkaloid.tickets,available,393.98,608.98,medium,low,8,namecheap,,,18/09/2026 08:21
22f2b647-c347-40d4-b348-4967a15ddc78,static.tickets,available,359.99,389.99,high,low,6,namesilo,,,16/08/2026 02:42
f232a8ab-c3b7-4505-b9a7-84abb1a05d2b,abdul.tickets,available,359.99,488.88,high,low,5,namesilo,,,27/09/2026 07:21
da2244dd-3596-4233-b0ef-5a0e82890cb5,insurance.tickets,available,359.99,389.99,high,medium,9,namesilo,,,
6ddbd7e2-43f6-4f47-bdaa-3a0cec88094d,nosocomial.tickets,available,359.99,488.88,low,low,10,namesilo,,,03/09/2026 21:56
fb419b55-21df-4877-9f25-3dc62b310a45,pay.tickets,premium,1875,,high,medium,3,name.com,,,
6e8716de-4a4f-4b21-9031-a5433c72d42e,unbleached.tickets,available,359.99,488.88,medium,low,10,namesilo,,,12/09/2026 02:04
b1889d8b-6b74-44d7-8bc1-633c58dd2b28,adulthood.tickets,available,359.99,488.88,high,low,9,namesilo,,,17/09/2026 10:25
65d06eaf-613d-4f58-bad1-e83375711aca,boiled.tickets,available,359.99,389.99,high,low,6,namesilo,,,10/08/2026 17:32
7d0cb297-03db-46ae-91c8-1d2a2765df2d,adoringly.tickets,available,359.99,488.88,medium,low,9,namesilo,,,13/09/2026 17:23
0307a9ba-9608-40cc-95c8-f0aae65ebbc1,blank.tickets,available,359.99,488.88,high,medium,5,namesilo,,,22/09/2026 21:48
73f36456-53f2-4ce1-970c-14cb7d135a03,kay.tickets,available,359.99,488.88,high,low,3,namesilo,,,26/09/2026 00:52
46beb693-519f-4de1-9d40-52c40d750104,immune.tickets,available,393.98,568,high,low,6,namecheap,,,21/08/2026 21:26
6e940cb1-b364-4b3f-a1fb-a4f71107cf54,cure.tickets,available,359.99,488.88,high,low,4,namesilo,,,24/09/2026 03:52
c5c2bb6c-ac7e-4f44-aa71-64b5bdf9026e,hind.tickets,available,359.99,389.99,medium,low,4,namesilo,,,21/08/2026 09:26
4b85963e-61a4-4095-a3fc-779c4b370c5f,angina.tickets,available,359.99,488.88,medium,low,6,namesilo,,,19/09/2026 06:08
24f68491-8e61-4c02-82ef-26976b74fdb5,australian.tickets,available,359.99,488.88,high,low,10,namesilo,,,22/09/2026 13:30
215fbc5e-ba5c-4a6e-b7e8-b0f2bead06f6,primer.tickets,available,359.99,389.99,high,low,6,namesilo,,,
358cb07a-6ed8-4f72-9447-a45f47b8b924,bassia.tickets,available,359.99,488.88,medium,low,6,namesilo,,,22/09/2026 12:17
9631b409-8326-4f9e-853e-b823de1d15ff,akkadian.tickets,available,669.99,669.99,medium,low,8,name.com,,,18/09/2026 00:10
cb3e9805-a45a-4131-94d3-243a1783c4df,undone.tickets,available,359.99,488.88,medium,low,6,namesilo,,,11/09/2026 01:55
45abe6c3-59ee-4db3-978b-3b22663c13e4,venerating.tickets,available,359.99,488.88,high,low,10,namesilo,,,09/09/2026 16:09
4c576ca6-adb4-4e05-a253-002afd7812f4,trojan.tickets,premium,1950,1950,high,low,6,namecheap,,,11/09/2026 20:17
e21f081a-3983-48d1-9356-4e11271e0643,evaluative.tickets,available,359.99,389.99,medium,low,10,namesilo,,,06/08/2026 08:13
b0569d98-7b3a-401e-88e2-288755c72ed1,katherine.tickets,available,359.99,488.88,high,low,9,namesilo,,,28/09/2026 03:49
cbdfe558-c456-4ca9-a558-f45aaca9930c,dovish.tickets,available,359.99,389.99,medium,low,6,namesilo,,,14/08/2026 17:07
3914bae6-a25a-4a73-8ce7-6db40fbacd72,origins.tickets,available,359.99,488.88,medium,low,7,namesilo,,,16/09/2026 10:13
80e047a4-15d7-4c36-9ef0-c13656da318a,stepwise.tickets,available,359.99,389.99,high,low,8,namesilo,,,10/08/2026 07:12
562eac1b-a70e-4396-946d-c4f1cfcc0d0f,falls.tickets,available,359.99,389.99,high,low,5,namesilo,,,
bfab22a5-312b-4a6b-b8a2-042af9198d3a,gleeful.tickets,available,359.99,389.99,high,low,7,namesilo,,,20/08/2026 14:21
eb9b92fe-5a66-41ba-b62b-7ec658afb4ff,agitprop.tickets,available,393.98,608.98,medium,low,8,namecheap,,,17/09/2026 18:14
8097d467-8031-4036-954f-9fd655248f95,albinism.tickets,available,393.98,608.98,medium,low,8,namecheap,,,18/09/2026 02:54
b7f1bcf3-7891-4564-afa7-d3a08d7886c3,ingram.tickets,available,359.99,488.88,medium,low,6,namesilo,,,26/09/2026 03:39
72098ec6-397e-4eec-8838-44080fdb1f20,undreamt.tickets,available,359.99,488.88,medium,low,8,namesilo,,,12/09/2026 08:24
d78a22d5-4e1b-4cc4-98bc-6bd0c1472d51,utter.tickets,available,359.99,389.99,high,low,5,namesilo,,,
a66b6639-36b7-4d56-a05b-4410171a628c,legend.tickets,available,359.99,389.99,high,low,6,namesilo,,,
3791f9df-e0db-4ad0-b6e3-5f45b2122b75,mormon.tickets,premium,1875,1875,high,low,6,name.com,,,25/08/2026 06:33
00571dcd-8492-49a2-a5d1-0b2aec508fa5,astatine.tickets,available,359.99,488.88,medium,low,8,namesilo,,,20/09/2026 16:55
6f4a124f-bb79-419b-a628-2a41b74cfb81,motherlike.tickets,available,359.99,389.99,medium,low,10,namesilo,,,25/08/2026 07:04
b568da73-e1b1-409f-87dc-6381212f1624,julian.tickets,available,359.99,389.99,high,low,6,namesilo,,,22/08/2026 14:19
8ab4596b-de8e-443c-828c-a39ed12d9886,shipment.tickets,available,359.99,488.88,high,low,8,namesilo,,,24/09/2026 12:59
55e8b1d5-e33b-45aa-b6e0-449c193b0fa3,ludicrous.tickets,available,359.99,389.99,medium,low,9,namesilo,,,14/08/2026 02:58
44f169c3-b580-42ba-bde0-b685ba12c6a2,vandalism.tickets,available,359.99,389.99,medium,low,9,namesilo,,,
60fa6fe8-0a11-4150-9bab-ffc7f4684c74,bisexual.tickets,available,359.99,389.99,high,low,8,namesilo,,,10/08/2026 06:14
ce7366f5-b899-4cbc-b65a-20d3edc7fe0d,aerobiotic.tickets,available,359.99,389.99,medium,low,10,namesilo,,,
c40fc1d9-210c-4c20-97d9-190ead5ab9be,disguised.tickets,available,359.99,389.99,medium,low,9,namesilo,,,12/08/2026 11:30
74b1c6b1-207b-4910-b516-7393f1496e6e,alcoholism.tickets,available,359.99,488.88,high,low,10,namesilo,,,18/09/2026 04:06
82013b3a-f0ce-4370-85df-15408d7f61e8,theme.tickets,available,359.99,488.88,high,low,5,namesilo,,,28/09/2026 01:44
1926d5aa-97a8-4054-959a-d9e22461d74e,suchlike.tickets,available,359.99,488.88,medium,low,8,namesilo,,,11/09/2026 01:00
5f61bb59-cc78-4450-be2f-13ffe0adfaca,telepathic.tickets,available,359.99,488.88,high,low,10,namesilo,,,11/09/2026 10:18
66695102-24f2-4537-b77f-722f86360dd5,cloze.tickets,available,359.99,389.99,medium,low,5,namesilo,,,12/08/2026 12:54
e24f1455-b8c1-4baa-88c3-0e56e68690b2,monsters.tickets,available,393.98,608.98,high,medium,8,namecheap,,,27/09/2026 03:16
cbb66858-eb7f-441c-9cbb-20d646228ccc,tasmania.tickets,available,401.47,401.47,high,low,8,dynadot,,,27/09/2026 16:02
528959ef-d182-43f6-9187-000496020d3b,eyrie.tickets,available,359.99,389.99,high,low,5,namesilo,,,
7941087e-e74b-4472-a19a-3fee2534c82d,blackburn.tickets,available,359.99,488.88,high,low,9,namesilo,,,24/09/2026 02:11
05c07c87-4d78-477e-9a51-248a4de629ac,sinai.tickets,available,359.99,488.88,high,low,5,namesilo,,,25/09/2026 09:30
de97c4a9-e9cd-4d4a-87f6-61e3dfeff5d1,odour.tickets,available,359.99,488.88,high,low,5,namesilo,,,20/09/2026 08:26
8e8de354-1553-41f5-8b0a-b97fb2cdf22b,disused.tickets,available,359.99,389.99,medium,low,7,namesilo,,,14/08/2026 13:28
99ad4bfb-1c90-4f71-9e64-05a7ed6a3033,nearest.tickets,available,359.99,389.99,medium,low,7,namesilo,,,
adc69c9b-523e-450c-ae89-b9ccb75fc3c2,essence.tickets,available,393.98,608.98,high,low,7,namecheap,,,28/09/2026 03:54
22507f02-8b33-41fb-a1ae-82638bb7f71c,compartment.tickets,available,326.21,388.33,high,low,11,spaceship,,,28/09/2026 03:28
bd2d087d-99e5-48dc-828b-df927ed4583f,organized.tickets,available,359.99,488.88,high,low,9,namesilo,,,26/09/2026 00:25
5a40e201-17c5-4229-bb09-77e6292ab6de,finance.tickets,available,401.47,401.47,high,medium,7,dynadot,,,28/09/2026 03:52
179ef016-6882-4b41-b026-cc2d089cb040,anoxia.tickets,available,393.98,608.98,medium,low,6,namecheap,,,19/09/2026 11:58
b5e4b37e-e577-4959-9c53-9167e451b3ca,colin.tickets,available,359.99,488.88,high,low,5,namesilo,,,26/09/2026 03:20
93bec63b-b037-4761-9036-fa61a4b8c483,soil.tickets,available,359.99,488.88,high,low,4,namesilo,,,24/09/2026 02:55
10b01bcb-c1a6-4293-b7ce-a022fe7b351b,afternoon.tickets,available,359.99,389.99,high,low,9,namesilo,,,
305c7298-ae35-493e-a34d-0ff1230fbd39,owns.tickets,available,393.98,608.98,medium,low,4,namecheap,,,18/09/2026 16:37
7556ee14-07cb-49c5-8c98-3f726d45b5c5,wake.tickets,available,359.99,488.88,high,low,4,namesilo,,,22/09/2026 14:42
1d324885-5f0d-4f1f-9e84-052e6636f2a0,zombies.tickets,available,359.99,488.88,medium,low,7,namesilo,,,18/09/2026 03:58
8104981c-c831-42c6-814a-f8891738e1e5,peruvian.tickets,available,393.98,608.98,high,low,8,namecheap,,,08/09/2026 18:07
01d3d4ae-611f-483f-80f3-56f4791a967f,monarch.tickets,available,359.99,488.88,high,medium,7,namesilo,,,10/09/2026 14:59
f77417df-06c7-40bf-a8b4-06ea0f83d984,speer.tickets,available,359.99,488.88,high,low,5,namesilo,,,18/09/2026 02:44
47ecb0fe-c662-44b6-a1ca-00ced4804ccc,bakehouse.tickets,available,393.98,608.98,high,low,9,namecheap,,,21/09/2026 20:13
bfc37c59-df18-4693-98e4-a0b97930e6f2,flashy.tickets,available,359.99,389.99,high,low,6,namesilo,,,18/08/2026 06:33
055f190a-e4e7-4f1b-8108-4a8593acafb3,brushing.tickets,available,359.99,389.99,high,low,8,namesilo,,,
1ff9f59a-c4ef-4dec-af47-2483bdb07445,brochure.tickets,available,359.99,488.88,high,low,8,namesilo,,,24/09/2026 07:07
dc1c1ef4-b23c-4c90-b2ec-5552cd95f31e,ionian.tickets,available,359.99,389.99,high,low,6,namesilo,,,22/08/2026 09:28
19a0e030-d52c-4de0-be97-3d486f3017c5,bollock.tickets,available,359.99,488.88,medium,low,7,namesilo,,,21/09/2026 23:08
bb738c6e-d16d-4b86-902b-f85dbd1dd42a,very.tickets,premium,1995,1995,high,low,4,namesilo,,,27/09/2026 09:52
3535861f-8706-486c-975f-105d336a9ad9,skeletal.tickets,available,393.98,568,high,low,8,namecheap,,,10/08/2026 19:00
d72008de-2fea-4b0a-8342-e0e846c0ce6a,maxilla.tickets,available,393.98,568,medium,low,7,namecheap,,,24/08/2026 17:52
9c488b2f-9923-4fa7-84a8-fa5373f37442,sanctum.tickets,available,359.99,389.99,high,low,7,namesilo,,,21/08/2026 10:47
79c483e8-1abb-4133-a4eb-414a777a99d6,arrangements.tickets,available,359.99,488.88,medium,low,12,namesilo,,,27/09/2026 10:40
0d843101-4da2-4554-b4c2-9aa564ec210c,itinerant.tickets,available,359.99,389.99,high,low,9,namesilo,,,22/08/2026 11:41
2a52e297-368e-4a57-a6e3-1b44f784bc0e,gramme.tickets,available,359.99,389.99,high,low,6,namesilo,,,
a8114fc9-9e19-4995-80ac-2cb03286ffd6,allocator.tickets,available,359.99,488.88,high,low,9,namesilo,,,18/09/2026 11:47
1417a922-5050-4a74-9a01-a05c00ec412a,ellis.tickets,available,393.98,608.98,high,low,5,namecheap,,,25/09/2026 20:56
7fc90445-ae2d-402b-8a5a-005548a37646,boiling.tickets,available,359.99,488.88,high,low,7,namesilo,,,14/09/2026 00:51
5d7814a0-a972-4480-bbe1-17e9ca8e44c6,mangonel.tickets,available,359.99,488.88,medium,low,8,namesilo,,,20/09/2026 00:37
6c6b3672-1de7-426d-a8d2-7e9f2099299c,squabble.tickets,available,393.98,608.98,medium,low,8,namecheap,,,23/09/2026 13:15
ac0b2fdf-80cc-4246-ab8d-bf49c702ff6e,slugs.tickets,available,359.99,488.88,medium,low,5,namesilo,,,20/09/2026 08:54
0d58b652-6f84-483d-8b0b-c22bedbe06b0,suspicious.tickets,available,359.99,389.99,medium,low,10,namesilo,,,22/08/2026 22:28
17a8fe1d-b7c1-4708-a3a8-d75e01af99d7,dear.tickets,available,393.98,608.98,high,low,4,namecheap,,,22/09/2026 19:24
6088dcc5-8094-49df-9fdd-0367d3bb40e7,gumbo.tickets,available,359.99,488.88,high,low,5,namesilo,,,16/09/2026 15:04
cc7240d4-9b2a-4580-a5ef-d1d956033488,sufficient.tickets,available,629.99,749.99,high,low,10,godaddy,,,28/09/2026 01:52
38b0480c-afa4-413b-9830-8123158e7bad,venturer.tickets,available,359.99,488.88,high,low,8,namesilo,,,24/09/2026 10:43
673e957e-1085-40c0-acb4-b7a60aeef3cf,broadleaf.tickets,available,359.99,389.99,high,low,9,namesilo,,,11/08/2026 04:57
7295fa6a-d35f-4c6e-84e5-5190e153a4d6,cao.tickets,available,359.99,488.88,high,low,3,namesilo,,,25/09/2026 14:36
b5756ba3-68ee-4395-a0da-bef23e16ef49,committed.tickets,available,359.99,488.88,high,low,9,namesilo,,,23/09/2026 15:46
d9ad2148-5e6e-457d-801b-70099c24fdd1,podlike.tickets,available,359.99,488.88,medium,low,7,namesilo,,,08/09/2026 22:31
43a494a0-5f82-4068-9d3c-9e1a1055e7a5,baboon.tickets,available,359.99,488.88,high,low,6,namesilo,,,21/09/2026 12:58
6c7aaf11-477d-4a56-b19b-d0b307ed5dec,ringtail.tickets,available,359.99,488.88,medium,low,8,namesilo,,,22/09/2026 12:08
4bff581e-413e-463d-baec-4e5d98ef861d,unhuman.tickets,available,359.99,389.99,medium,low,7,namesilo,,,14/08/2026 00:04
2e892cc6-30c8-429b-9dd6-38f818eec970,librarian.tickets,available,359.99,488.88,high,low,9,namesilo,,,23/09/2026 12:54
e078e44b-ca99-4d45-adee-3647c8e70b3c,meyers.tickets,available,359.99,488.88,high,low,6,namesilo,,,27/09/2026 20:50
e74ea156-071a-4b2c-aeb8-8ec504ee4d97,bbc.tickets,available,393.98,608.98,high,medium,3,namecheap,,,19/09/2026 05:43
e4e319ea-6cee-48d9-bc65-8cda838a885f,settlement.tickets,available,326.21,388.33,high,low,10,spaceship,,,28/09/2026 01:43
d38c36e0-50da-462b-996c-2cd4399ab4fe,succulent.tickets,available,359.99,488.88,high,low,9,namesilo,,,11/09/2026 00:58
c2c47a69-c7a0-4639-ab5a-cec22c06660f,kane.tickets,available,359.99,488.88,high,low,4,namesilo,,,27/09/2026 07:59
dc415858-1c39-4bac-b12a-7db47e01ebc9,recherche.tickets,available,359.99,488.88,high,low,9,namesilo,,,09/09/2026 11:27
8130d5db-71bb-41f9-a3fd-8f8a63ed207f,announced.tickets,available,359.99,488.88,high,low,9,namesilo,,,22/09/2026 05:10
f44ba4fb-ded4-4067-9a61-a8af94e2c75b,imposing.tickets,available,393.98,568,high,low,8,namecheap,,,08/08/2026 20:16
f2148166-3dec-4c01-b2ea-860078faf810,moonfish.tickets,available,393.98,608.98,medium,low,8,namecheap,,,20/09/2026 21:37
24455811-7e2a-4ba6-bf91-df77cefdda50,holistic.tickets,available,359.99,389.99,high,low,8,namesilo,,,21/08/2026 10:30
bac4426f-40b2-4f39-9672-ced8bd0adb8a,ethiopian.tickets,premium,1875,1875,high,low,9,name.com,,,17/08/2026 13:47
a58b414e-96c8-43ee-881c-414c851187ca,amazona.tickets,available,359.99,488.88,medium,low,7,namesilo,,,18/09/2026 16:23
1e3cadc1-068a-4d04-93ca-6d7f524fc5ef,lallygag.tickets,available,359.99,488.88,medium,low,8,namesilo,,,11/09/2026 08:33
3ccb131a-69f0-4496-869d-e3ade5cbf01d,contrary.tickets,available,359.99,488.88,high,low,8,namesilo,,,23/09/2026 22:29
7523c5ca-c131-4bbe-bb72-55a622fde977,banner.tickets,available,359.99,389.99,high,low,6,namesilo,,,08/08/2026 13:53
ae18baea-7b67-45e2-892d-f99a374573cb,donation.tickets,available,359.99,389.99,high,low,8,namesilo,,,
152c30a5-f9dc-4236-954f-ed1c28d54f02,sot.tickets,available,393.98,568,medium,low,3,namecheap,,,14/08/2026 20:22
2f21ab47-ba7d-4814-a2da-11c5dcd789ab,xcii.tickets,available,393.98,568,medium,low,4,namecheap,,,
85deed7e-0e42-4665-8f72-28db8305b6ab,meaty.tickets,available,359.99,389.99,high,low,5,namesilo,,,24/08/2026 18:35
67966b51-8bfb-46db-be36-e7cdbb79c656,tattooing.tickets,available,359.99,488.88,high,low,9,namesilo,,,18/09/2026 01:47
2505472e-cf19-4c4b-b7aa-0da9ca28f8b3,blastema.tickets,available,359.99,488.88,medium,low,8,namesilo,,,24/09/2026 04:21
8891bbe7-7491-4fac-ae75-6aaef4eff899,purge.tickets,available,359.99,488.88,high,medium,5,namesilo,,,09/09/2026 06:19
f5780c7d-2d39-45be-bbe0-c8d9df138254,haskell.tickets,available,326.21,388.33,high,low,7,spaceship,,,28/09/2026 03:46
8cd2ef26-4f6e-4e46-9320-757b79b0f432,fearsome.tickets,available,359.99,389.99,medium,low,8,namesilo,,,14/08/2026 08:55
650f0d16-9315-40b7-b0b6-12865490763d,southbound.tickets,available,359.99,488.88,high,medium,10,namesilo,,,10/09/2026 14:47
80cf66b5-685f-4e47-9fe5-11b9d7cb37fd,indisposed.tickets,available,393.98,568,medium,low,10,namecheap,,,
55e888e0-b98f-46c0-a5dc-16a1307a8c31,kilometre.tickets,available,359.99,389.99,high,low,9,namesilo,,,
14f04a71-9f32-452f-964d-8058f426f465,retroflex.tickets,available,359.99,389.99,medium,low,9,namesilo,,,11/08/2026 12:37
2955a89b-658a-4874-90bc-15b085989903,drogue.tickets,available,393.98,608.98,medium,low,6,namecheap,,,17/09/2026 21:47
f77a60c2-1179-4e00-8701-65e6ec3b97a0,ana.tickets,available,359.99,389.99,high,low,3,namesilo,,,
6ea4d660-77c4-4f76-ba49-840b2f728079,briskly.tickets,available,359.99,488.88,high,low,7,namesilo,,,14/09/2026 01:33
969b0e8f-98ee-4a9f-b5a8-73551659d82b,deep.tickets,available,359.99,488.88,high,medium,4,namesilo,,,21/09/2026 15:15
ba04444b-c29b-4f88-b2f0-509da451ab0f,atopy.tickets,available,393.98,608.98,medium,low,5,namecheap,,,21/09/2026 00:33
33ac03c0-3b25-4baf-a209-98a3f6b5e31a,uncaused.tickets,available,359.99,389.99,medium,low,8,namesilo,,,18/08/2026 12:45
8b27bca5-a912-4b53-9a1d-c02763ee1f73,repentant.tickets,available,359.99,488.88,medium,low,9,namesilo,,,08/09/2026 14:32
2a04ef5f-1f78-4d73-9cff-f8e6d7b2c33b,revolt.tickets,available,359.99,389.99,high,low,6,namesilo,,,
31837b68-7e4a-4bc4-9e77-2d0cfdae692a,accusative.tickets,available,359.99,389.99,high,low,10,namesilo,,,
a08a70de-e2d0-416c-96b2-2b0e487de7ac,mexican.tickets,available,669.99,669.99,high,low,7,name.com,,,25/09/2026 20:01
b7677b3f-5804-4e62-9741-04d39a2fcf9b,painted.tickets,available,393.98,608.98,high,low,7,namecheap,,,25/09/2026 23:19
ab77955c-f56d-4659-9c2e-5d4e18ae60e4,whitewater.tickets,available,359.99,389.99,high,low,11,namesilo,,,
c84ed62a-6799-44da-954f-bd5c2a4acf33,armet.tickets,available,669.99,669.99,medium,low,5,name.com,,,20/09/2026 06:49
e7dd6c74-90e1-4c16-bd41-88378b909116,tracks.tickets,available,359.99,488.88,high,low,6,namesilo,,,17/09/2026 16:05
25c230e8-e8e6-40ae-94aa-0b32d8b8c803,toast.tickets,available,399.99,,high,low,5,name.com,,,
d513b32a-93a5-4dd2-b5ca-aa6e37ee7bce,fated.tickets,available,359.99,389.99,high,low,5,namesilo,,,17/08/2026 23:32
350b9a9f-2e09-456f-8dd2-dc3cfbac5b59,basel.tickets,available,393.98,608.98,high,medium,5,namecheap,,,22/09/2026 10:13
4045aeaa-d360-43bd-8658-58416f290101,chaldean.tickets,available,359.99,389.99,medium,low,8,namesilo,,,12/08/2026 01:26
5c413ea5-be58-45be-b17f-b18fc894e0ef,lifetime.tickets,available,359.99,488.88,high,low,8,namesilo,,,25/09/2026 23:26
4d289fd0-3b9a-4aab-8d90-0937af7e633e,thrown.tickets,available,359.99,389.99,medium,low,6,namesilo,,,
0de486d1-5d53-4670-acc6-08388c9050e6,weedy.tickets,available,359.99,488.88,medium,low,5,namesilo,,,09/09/2026 23:44
a8511780-be6c-4f63-8f0f-775a1ab133d4,procedures.tickets,available,359.99,488.88,medium,low,10,namesilo,,,18/09/2026 17:33
dce7c24b-0253-44c1-a340-e6b031c79d04,enliven.tickets,available,393.98,608.98,high,low,7,namecheap,,,22/09/2026 04:56
23f732c6-67ae-4bb5-9188-ba982a11b7ef,rose.tickets,available,326.21,388.33,high,medium,4,spaceship,,,27/09/2026 16:23
923ebfe4-3e8f-42d4-8484-4220908ccacd,humorous.tickets,available,359.99,488.88,high,low,8,namesilo,,,25/09/2026 06:35
529d50c2-5a2c-4fb3-b355-889c1aeed7af,analgesia.tickets,available,359.99,488.88,medium,low,9,namesilo,,,19/09/2026 01:49
04da1a89-fa2b-4e63-b393-1472d758c13f,ancestral.tickets,available,359.99,389.99,high,low,9,namesilo,,,
dfca0044-c5b8-4402-8743-0c5bf4d4c5c9,cement.tickets,available,359.99,389.99,high,low,6,namesilo,,,
2f402af4-9830-434c-a3c8-1eae455c537f,measure.tickets,available,359.99,488.88,high,low,7,namesilo,,,28/09/2026 00:35
fe0be947-33bd-48a5-aaf5-03877b83592f,ravaging.tickets,available,359.99,488.88,high,medium,8,namesilo,,,09/09/2026 10:39
07c930eb-b87b-47d2-8562-e93ba978d162,obscenity.tickets,available,359.99,488.88,medium,low,9,namesilo,,,22/09/2026 16:47
9ff78811-f8bc-47c7-ad05-831af09c57e3,lavoisier.tickets,available,359.99,488.88,medium,low,9,namesilo,,,19/09/2026 15:25
dd661f21-8b89-4486-8bd5-76059b3cc270,fed.tickets,available,359.99,488.88,high,low,3,namesilo,,,25/09/2026 22:43
2f762c07-deee-4eac-80ca-06f718a11fa6,laced.tickets,available,359.99,389.99,high,low,5,namesilo,,,22/08/2026 17:44
972500e2-0320-4e89-b2a6-da24346eb692,ballast.tickets,available,359.99,488.88,high,low,7,namesilo,,,21/09/2026 22:46
8632c3aa-95e7-4636-8120-b533673cfbbb,erogenous.tickets,available,359.99,389.99,medium,low,9,namesilo,,,17/08/2026 12:28
c216d6d0-d14c-43a7-ac71-97a483f02cac,semirigid.tickets,available,359.99,488.88,medium,low,9,namesilo,,,10/09/2026 03:19
5ac1d8c5-ecf2-40e8-825b-f1e68f1f0f47,longroot.tickets,available,359.99,488.88,medium,low,8,namesilo,,,20/09/2026 03:40
42e0427f-0bd7-430a-9986-cf0bba795fdd,courtyard.tickets,available,359.99,389.99,high,low,9,namesilo,,,
cdc9c8d8-d65b-43f6-84a4-77f2196ed95d,flinty.tickets,available,359.99,389.99,medium,low,6,namesilo,,,18/08/2026 08:18
380d304d-7f49-4922-a8b6-ab1a5486310c,charles.tickets,available,359.99,389.99,high,low,7,namesilo,,,
2cd3b893-308d-4ea6-95fb-f754c21f4a4c,habitually.tickets,available,359.99,488.88,medium,low,10,namesilo,,,14/09/2026 22:45
12a0563d-91fe-4b7b-8104-0f92c7ac1423,gaza.tickets,available,359.99,488.88,medium,low,4,namesilo,,,25/09/2026 06:23
c34dbf2d-273a-4ef8-a339-3c8a34d28e3d,redemptive.tickets,available,359.99,488.88,high,medium,10,namesilo,,,09/09/2026 12:19
cdfdbc45-8a9b-4d46-874f-877e61b33b1c,diagram.tickets,available,359.99,488.88,high,low,7,namesilo,,,24/09/2026 22:08
906347ac-4716-4cf4-88b6-ca3521c999d6,vivace.tickets,available,359.99,488.88,high,low,6,namesilo,,,13/09/2026 06:22
e5175ec1-350f-4459-8e47-e1cd168bff75,conformist.tickets,available,393.98,568,medium,low,10,namecheap,,,12/08/2026 21:13
06b69c57-8fb9-41d4-85c4-50b1565f0afc,annulate.tickets,available,359.99,389.99,high,low,8,namesilo,,,
a8055422-0d16-4dbe-87b0-0a8a370b6931,resentment.tickets,available,359.99,488.88,medium,low,10,namesilo,,,23/09/2026 23:03
a53ce2a1-a661-4223-884d-79b3c6119aa1,exhaustive.tickets,available,359.99,389.99,medium,low,10,namesilo,,,17/08/2026 17:08
008e98f3-c654-46c7-ba54-1ab410ad3553,lists.tickets,available,359.99,488.88,high,low,5,namesilo,,,17/09/2026 08:32
c81e8569-7ff5-4787-b791-01ff8d17e1ec,fisher.tickets,available,393.98,608.98,high,low,6,namecheap,,,24/09/2026 00:24
71e4b23c-c5ac-4d7a-9eea-691df0317cc8,savory.tickets,available,359.99,389.99,high,low,6,namesilo,,,25/08/2026 08:48
a5864f1e-b9ea-4ad6-8521-fd6a005e994c,befog.tickets,available,359.99,488.88,medium,low,5,namesilo,,,03/09/2026 23:52
479e63c6-63a7-4428-8edd-cd20e06c1506,unoriginal.tickets,available,359.99,488.88,medium,low,10,namesilo,,,12/09/2026 16:21
3b4c408e-fe4b-4b98-93d2-be5ef5737cb2,posed.tickets,available,359.99,488.88,high,low,5,namesilo,,,09/09/2026 00:04
6b3ff842-7977-414b-a5be-33e6307c3f9c,woo.tickets,available,359.99,488.88,high,high,3,namesilo,,,19/09/2026 13:15
0cb7173b-55bb-4b65-bbba-d23fb16b1045,rarest.tickets,available,359.99,488.88,medium,low,6,namesilo,,,20/09/2026 08:14
b0786058-4a4b-4de3-ac05-92d0d6ebf428,umbrella.tickets,available,359.99,488.88,high,low,8,namesilo,,,11/09/2026 23:04
e6af128f-6c8e-485b-8027-070c29ca76bc,canceled.tickets,available,401.47,401.47,medium,low,8,dynadot,,,27/09/2026 22:41
7d184ada-31ff-4dc2-a498-74fd8e1bc3a1,blossoming.tickets,available,359.99,389.99,high,low,10,namesilo,,,18/08/2026 09:04
10d74f53-07a5-4254-a4d1-da13aea03f21,spotty.tickets,available,359.99,488.88,medium,low,6,namesilo,,,10/09/2026 16:37
da7f46eb-1927-4117-95c4-566f0fd13e86,burnished.tickets,available,359.99,389.99,medium,low,9,namesilo,,,11/08/2026 10:59
2f977f1e-efc2-44b0-be32-90f57e00b626,promoter.tickets,available,359.99,389.99,high,low,8,namesilo,,,
a02a9595-6faa-40a9-8a06-647236dae412,spy.tickets,available,359.99,488.88,high,low,3,namesilo,,,25/09/2026 10:42
b29cbfee-6c1b-4b4f-ad9c-fd7f95e7a508,artist.tickets,available,393.98,608.98,high,low,6,namecheap,,,25/09/2026 04:10
0305ead5-e0e2-4a48-9285-57f325dee91f,babinski.tickets,available,359.99,488.88,medium,low,8,namesilo,,,21/09/2026 12:44
427a05dc-d37e-438b-8f42-12144f48e292,pacemaker.tickets,available,359.99,488.88,high,low,9,namesilo,,,20/09/2026 11:42
1d6e49ea-ac66-4b3d-aa99-05c4b2d39957,candlenut.tickets,available,359.99,488.88,medium,low,9,namesilo,,,18/09/2026 05:37
00eece86-5970-4454-a7c9-70b9bc476d6d,prescribed.tickets,available,359.99,389.99,medium,low,10,namesilo,,,13/08/2026 22:17
a99f4254-2d71-43c2-a872-26f768cec8c0,pure.tickets,available,393.98,608.98,high,medium,4,namecheap,,,27/09/2026 08:17
a0e54234-24c9-4e27-8c83-a305046d852a,cecilia.tickets,available,359.99,488.88,medium,low,7,namesilo,,,26/09/2026 03:37
644c0009-6e3c-4381-aad9-1cc49079d833,chances.tickets,available,359.99,488.88,medium,low,7,namesilo,,,25/09/2026 16:56
d280199a-72b8-4ee6-862e-f98bc3f92860,language.tickets,available,393.98,608.98,high,low,8,namecheap,,,25/09/2026 15:54
5f6fbcfe-4be7-43ee-8940-1fc8b71fc9fc,toe.tickets,available,399.99,,medium,low,3,name.com,,,
179cfe85-bae3-49f2-b915-1671674b1b03,debate.tickets,available,359.99,488.88,high,low,6,namesilo,,,24/09/2026 05:29
9bd279b5-92aa-491b-b87a-7f3b76b9f0cc,hoarse.tickets,available,359.99,389.99,medium,low,6,namesilo,,,21/08/2026 10:10
c1dd7e18-cc46-4cfe-ba1c-4323cc89b6bd,convexly.tickets,available,359.99,488.88,medium,low,8,namesilo,,,14/09/2026 08:39
54eacd1e-d9d5-4bf1-8eae-8f6bf6906a3b,mirror.tickets,available,399.99,,high,low,6,name.com,,,
679ddd16-d985-485f-900c-3d60eda17f77,analytics.tickets,available,359.99,488.88,high,low,9,namesilo,,,28/09/2026 03:59
a3f58d33-9d2b-4240-b7a0-232514114648,livingston.tickets,available,393.98,608.98,high,low,10,namecheap,,,25/09/2026 09:01
5a6e875a-6bfb-47c5-a49e-fe0f75c0ab8e,adaptive.tickets,available,359.99,488.88,high,low,8,namesilo,,,21/09/2026 16:55
2e8eed3f-a954-4ad1-9798-da3e9c667840,disheveled.tickets,available,359.99,389.99,medium,low,10,namesilo,,,14/08/2026 10:56
8f894032-af21-472c-9847-86b7ea862225,close.tickets,available,359.99,488.88,high,low,5,namesilo,,,21/09/2026 23:48
969bc1eb-92ef-4165-8e3e-ad442e253b6c,veiled.tickets,available,359.99,488.88,medium,low,6,namesilo,,,13/09/2026 01:50
caf87c95-b3c3-4acc-975d-7ae8b57c7a2b,valuator.tickets,available,359.99,488.88,medium,low,8,namesilo,,,19/09/2026 22:13
a5766a4e-47ad-47d5-acb9-b1b5972f5421,holmes.tickets,available,393.98,608.98,high,low,6,namecheap,,,20/09/2026 10:51
492424a1-cd7a-4c5e-a18c-a55bbdbeec9b,list.tickets,available,359.99,488.88,high,low,4,namesilo,,,25/09/2026 13:18
ad0e98ba-7c9f-43c4-b731-6a7beb3d5366,heterodox.tickets,available,359.99,389.99,medium,low,9,namesilo,,,14/08/2026 12:37
b6ae7b61-e874-4b1c-83fb-f8369732562b,ishmael.tickets,available,393.98,608.98,high,low,7,namecheap,,,04/09/2026 19:10
feb3afa5-db03-4745-88ae-24e2030d86bd,forehand.tickets,available,359.99,389.99,medium,low,8,namesilo,,,18/08/2026 11:38
f32d8164-3371-4c82-a170-b91bd32afb3f,attach.tickets,available,393.98,608.98,high,low,6,namecheap,,,23/09/2026 19:57
53c3b95c-accb-4f63-ab81-e13bcc77de04,hess.tickets,premium,1995,1995,high,low,4,namesilo,,,27/09/2026 03:38
8ffa6ecf-5aec-42b2-958a-225cca9ecd05,thirdhand.tickets,available,359.99,488.88,medium,low,9,namesilo,,,11/09/2026 13:59
1d01a440-85de-4090-b707-9ece21f91f05,shove.tickets,available,359.99,389.99,high,low,5,namesilo,,,
7c7158dd-fad7-4cde-a321-265a8ecb4f2c,abruptly.tickets,available,399.99,664.99,medium,low,8,name.com,,,13/08/2026 19:17
d2bc9212-0792-4e45-9058-865b70b61c73,outrageous.tickets,available,359.99,389.99,medium,low,10,namesilo,,,17/08/2026 17:38
bb5b4e97-3be7-486c-9804-38a5b32c928b,itchy.tickets,available,393.98,568,medium,low,5,namecheap,,,05/08/2026 20:43
8f0eaac6-3894-433f-a3cc-777a1cc1376a,hoagy.tickets,available,393.98,608.98,high,low,5,namecheap,,,24/09/2026 20:07
53a27bfa-cb68-446e-a0f2-7e3f1267a9d6,border.tickets,available,393.98,608.98,high,low,6,namecheap,,,23/09/2026 00:10
7098565f-5329-42ac-853c-575554861d9e,accurst.tickets,available,359.99,389.99,medium,low,7,namesilo,,,
a4b28d05-0dc4-4bc0-ace0-cb5496c15591,adana.tickets,available,359.99,488.88,medium,low,5,namesilo,,,17/09/2026 06:19
b23f7316-f907-49a2-acd7-8862ca58ad4d,loth.tickets,available,359.99,389.99,medium,low,4,namesilo,,,24/08/2026 08:19
3f957553-628c-4847-8c72-7878c19fe9f1,politic.tickets,available,359.99,488.88,high,low,7,namesilo,,,08/09/2026 23:06
c62199bc-e9db-44f1-ae17-ef1470760653,nth.tickets,available,359.99,488.88,medium,low,3,namesilo,,,03/09/2026 12:35
4168e8a7-ecbc-459b-86f0-70ab3caed243,matches.tickets,available,359.99,488.88,high,low,7,namesilo,,,18/09/2026 17:25
9e19fe4d-4708-454f-a92c-8f69e580c8b8,ashamed.tickets,available,326.21,388.33,medium,low,7,spaceship,,,27/09/2026 17:32
17856c4f-10b9-4f84-93bc-6653e18606b7,arco.tickets,available,359.99,389.99,medium,low,4,namesilo,,,06/08/2026 16:02
8ecc0769-8d6f-41e3-91e4-ea14a86d12c4,foetid.tickets,available,359.99,389.99,medium,low,6,namesilo,,,18/08/2026 02:26
4f3f8490-f490-49ba-ae94-85c9d1d6842f,engaged.tickets,available,393.98,568,high,low,7,namecheap,,,10/08/2026 19:07
0ffbb2e6-dbd4-4ded-84c6-04d2a1cd94d3,reception.tickets,available,359.99,389.99,high,low,9,namesilo,,,
641931af-078a-49a3-941c-a92306eeac84,overtly.tickets,available,359.99,488.88,medium,low,7,namesilo,,,15/09/2026 18:31
315c5b40-617b-418b-8955-0e456e20ccb5,biomass.tickets,available,393.98,608.98,high,low,7,namecheap,,,23/09/2026 18:29
5c9e68d7-6079-4a84-80a2-e0f97c1257ef,crumb.tickets,available,359.99,389.99,medium,low,5,namesilo,,,11/08/2026 09:20
3a26b99c-003f-4de0-b116-907399307829,plausibly.tickets,available,359.99,488.88,medium,low,9,namesilo,,,14/09/2026 09:28
1c9a944b-a385-4c67-b286-957ec9f2b015,finable.tickets,available,359.99,389.99,medium,low,7,namesilo,,,18/08/2026 04:28
a091d066-2e2e-48aa-84ad-a583d66d2c2f,antitrust.tickets,available,359.99,389.99,medium,low,9,namesilo,,,
6b92e56a-035b-42e3-bf08-b1f248fdff2c,chilling.tickets,available,359.99,389.99,medium,low,8,namesilo,,,12/08/2026 05:19
67eac0f6-e410-4f2c-85b6-3b754fd238e2,youre.tickets,available,359.99,389.99,medium,low,5,namesilo,,,
81b429be-c604-42c2-8c06-93c7a8638850,apnoeic.tickets,available,359.99,389.99,medium,low,7,namesilo,,,06/08/2026 00:46
73965f4c-a917-4205-9d06-72537a8165f3,slugger.tickets,available,359.99,488.88,high,low,7,namesilo,,,22/09/2026 14:18
fb070886-f4c0-40b7-bad5-2f6a262ae9bd,scars.tickets,available,359.99,488.88,medium,low,5,namesilo,,,20/09/2026 11:02
4dd41e57-64fa-4ae8-a4ef-fc0f3277ac8e,jolt.tickets,available,393.98,608.98,high,low,4,namecheap,,,25/09/2026 11:45
f10b9437-d83c-49ab-9bf7-146760649e0f,buttery.tickets,available,393.98,608.98,medium,low,7,namecheap,,,19/09/2026 18:30
a8f4a65a-126a-4a3b-8328-43ad448612a4,curtis.tickets,available,359.99,488.88,high,low,6,namesilo,,,25/09/2026 04:28
8110f020-e513-486f-80dc-ea9d385f9ebe,ascender.tickets,available,669.99,669.99,high,low,8,name.com,,,20/09/2026 13:07
fb446cfe-0827-4913-8d95-188f0ee13918,retral.tickets,available,359.99,488.88,medium,low,6,namesilo,,,09/09/2026 15:44
f4982c8a-7e9a-4d8a-b0cf-6a6747416c50,concentric.tickets,available,393.98,568,high,low,10,namecheap,,,12/08/2026 19:57
eff6f80a-f655-4cca-b82a-e2b8e7704bda,jesse.tickets,available,393.98,608.98,high,low,5,namecheap,,,25/09/2026 12:07
6511f5c2-1e71-431c-a1b5-904087456b75,flyaway.tickets,available,359.99,389.99,medium,low,7,namesilo,,,18/08/2026 08:13
6157486f-1762-4066-a3ee-b862bf044857,proper.tickets,available,393.98,608.98,high,low,6,namecheap,,,27/09/2026 07:40
5b04f4f1-061b-41d1-9706-3e2fa13df45d,lcd.tickets,available,359.99,389.99,high,low,3,namesilo,,,
975c37d2-ae92-4b96-9cef-b216ea2a13db,deflated.tickets,available,359.99,389.99,medium,low,8,namesilo,,,12/08/2026 02:17
34f258a2-ce7a-44d0-b594-3c0ebaaffab3,summery.tickets,available,359.99,488.88,high,low,7,namesilo,,,11/09/2026 01:38
ce8e2e26-f795-4d68-911e-2bd22ece58e1,aerobe.tickets,available,359.99,488.88,medium,low,6,namesilo,,,17/09/2026 12:54
3ae67350-46d0-4111-831f-07859d2b69cb,puckish.tickets,available,359.99,389.99,medium,low,7,namesilo,,,21/08/2026 22:29
b04b22a3-6482-40f8-8f09-6c851c6a33ab,pout.tickets,available,393.98,608.98,medium,low,4,namecheap,,,18/09/2026 18:12
34cfeb61-534b-455d-99e4-f826a3d29959,dock.tickets,available,359.99,488.88,high,low,4,namesilo,,,22/09/2026 23:34
b55a1d69-adc5-4329-a9fc-5c7dce42c7e1,urbanized.tickets,available,359.99,488.88,medium,low,9,namesilo,,,12/09/2026 23:29
bb56225e-24ff-4e06-91ce-1a43b61b4c53,hiatus.tickets,available,359.99,488.88,high,low,6,namesilo,,,16/09/2026 14:09
7ce93e61-be34-4762-bd1b-70824de63ce2,bodiless.tickets,available,359.99,389.99,medium,low,8,namesilo,,,10/08/2026 16:48
a26da8fd-079b-4ea6-b03b-6f774d23db0f,zeal.tickets,available,359.99,488.88,high,low,4,namesilo,,,20/09/2026 03:17
905b9b07-0f89-4562-ba66-a0d4c2024bbe,army.tickets,premium,1995,1995,high,low,4,namesilo,,,20/09/2026 07:50
e32d3ee1-ff3d-4cff-82f7-8239cb522ca5,cerise.tickets,available,359.99,389.99,medium,low,6,namesilo,,,10/08/2026 15:04
e8e7d0a9-d231-4afe-9327-5c32c63bb0ae,punk.tickets,premium,1950,1950,high,low,4,namecheap,,,23/09/2026 11:14
606d6cbf-a31e-428c-bd67-a8721f801700,payable.tickets,available,359.99,389.99,high,low,7,namesilo,,,12/08/2026 16:58
e330c22a-2a21-4d6d-9c14-ea4332b58833,clouds.tickets,available,359.99,488.88,high,low,6,namesilo,,,27/09/2026 09:07
58e3a1c7-717e-4e1f-8c5f-8d704fcb16c6,lucania.tickets,available,393.98,608.98,medium,low,7,namecheap,,,22/09/2026 10:51
f66c6f87-d117-464b-bd89-e786f3de762f,demonstrated.tickets,available,393.98,608.98,medium,low,12,namecheap,,,17/09/2026 21:56
d436bde3-5ef1-4aec-ae26-804b79117276,hematic.tickets,available,359.99,389.99,medium,low,7,namesilo,,,20/08/2026 21:53
0dc4bc28-6c4e-4cf1-8ecc-d8d789c82147,levine.tickets,available,359.99,488.88,medium,low,6,namesilo,,,25/09/2026 16:14
d769e0a9-d20f-4f05-ace8-5a0a48140a69,coltsfoot.tickets,available,393.98,608.98,medium,low,9,namecheap,,,23/09/2026 01:58
7c9ea210-7d0d-4bcd-9020-9f474cdca2b9,lean.tickets,available,359.99,389.99,high,low,4,namesilo,,,22/08/2026 22:04
1e7e05b8-5dc1-4d3c-843c-b132fe340330,indigent.tickets,available,359.99,389.99,medium,low,8,namesilo,,,14/08/2026 04:34
017e9a63-7f53-4e28-bbcd-6460e9f1c05b,oily.tickets,available,359.99,389.99,medium,low,4,namesilo,,,11/08/2026 11:42
cb3c1f21-9ebf-413b-958a-c2836c62c18c,homey.tickets,available,359.99,389.99,high,low,5,namesilo,,,21/08/2026 11:06